ACCESSION_NUMBER	ID	ISEDGARFILER	COISSUERCIK	NAMEOFCOISSUER	LEGALSTATUSFORM	LEGALSTATUSOTHERDESC	JURISDICTIONORGANIZATION	DATEINCORPORATION	STREET1	STREET2	CITY	STATEORCOUNTRY	ZIPCODE	COISSUERWEBSITE
0001670254-23-000688	1			ClearingBid I, a series of Wefunder SPV, LLC	Limited Liability Company		DE	15-JUN-2023	4104 24TH ST	PMB 8113	San Francisco	CA	94114	https://wefunder.com/
0001670254-23-000681	1			Qnetic I, a series of Wefunder SPV, LLC	Limited Liability Company		DE	23-DEC-2022	4104 24TH ST	PMB 8113	San Francisco	CA	94114	https://wefunder.com/
0001670254-23-000681	2			Qnetic I EB, a series of Wefunder SPV, LLC	Limited Liability Company		DE	23-DEC-2022	4104 24TH ST	PMB 8113	San Francisco	CA	94114	https://wefunder.com/
0001670254-23-000677	2			ZTRUCKING I EB, a series of Wefunder SPV, LLC	Limited Liability Company		DE	27-JUN-2023	4104 24TH ST	PMB 8113	San Francisco	CA	94114	https://wefunder.com/
0001670254-23-000679	1			Whatz2eat II, a series of Wefunder SPV, LLC	Limited Liability Company		DE	28-JUN-2023	4104 24TH ST	PMB 8113	San Francisco	CA	94114	https://wefunder.com/
0001670254-23-000677	1			ZTRUCKING I, a series of Wefunder SPV, LLC	Limited Liability Company		DE	27-JUN-2023	4104 24TH ST	PMB 8113	San Francisco	CA	94114	https://wefunder.com/
0001670254-23-000671	1			Meta-Brain Labs I, a series of Wefunder SPV, LLC	Limited Liability Company		DE	14-FEB-2023	4104 24TH ST	PMB 8113	San Francisco	CA	94114	https://wefunder.com/
0001670254-23-000671	2			Meta-Brain Labs I EB, a series of Wefunder SPV, LLC	Limited Liability Company		DE	14-FEB-2023	4104 24TH ST	PMB 8113	San Francisco	CA	94114	https://wefunder.com/
0001670254-23-000665	1			Foonka II, a series of Wefunder SPV, LLC	Limited Liability Company		DE	22-JUN-2023	4104 24TH ST	PMB 8113	San Francisco	CA	94114	https://wefunder.com/
0001670254-23-000667	1			Bluon I, a series of Wefunder SPV, LLC	Limited Liability Company		DE	22-JUN-2023	4104 24TH ST	PMB 8113	San Francisco	CA	94114	https://wefunder.com/
0001670254-23-000663	1			Dockshare I, a series of Wefunder SPV, LLC	Limited Liability Company		DE	21-JUN-2023	4104 24TH ST	PMB 8113	San Francisco	CA	94114	https://wefunder.com/
0001829335-23-000002	1			Mod Tech Labs I	Limited Liability Company		DE	22-JAN-2020	1 Seneca St FL24		Buffalo	NY	14203	www.modtechlabs.com
0001821982-23-000011	1			Trade Street Social SPV, LLC	Limited Liability Company		SC	28-APR-2023	315 Trade Street		GREER	SC	29651	
0001670254-23-000658	1			FirmTech I, a series of Wefunder SPV, LLC	Limited Liability Company		DE	21-JUN-2023	4104 24TH ST	PMB 8113	San Francisco	CA	94114	https://wefunder.com/
0001670254-23-000655	1			Active Defender I, a series of Wefunder SPV, LLC	Limited Liability Company		DE	21-JUN-2023	4104 24TH ST	PMB 8113	San Francisco	CA	94114	https://wefunder.com/
0001670254-23-000655	2			Active Defender I EB, a series of Wefunder SPV, LLC	Limited Liability Company		DE	21-JUN-2023	4104 24TH ST	PMB 8113	San Francisco	CA	94114	https://wefunder.com/
0001821982-23-000010	1			AHD Investors, LLC	Limited Liability Company		NC	29-JUN-2020	197 N. Second St		Albemarle	NC	28001	
0001670254-23-000653	1			Seed at the table I, a series of Wefunder SPV, LLC	Limited Liability Company		DE	20-JUN-2023	4104 24TH ST	PMB 8113	San Francisco	CA	94114	https://wefunder.com/
0001821982-23-000008	1			Bricolage Dynamics RegCF SPV 2021, LLC	Limited Liability Company		CT	14-OCT-2021	120 Rockbridge Ct		Liberty	SC	29657	
0001670254-23-000651	1			Libros 787 I, a series of Wefunder SPV, LLC	Limited Liability Company		DE	14-JUN-2023	4104 24TH ST	PMB 8113	San Francisco	CA	94114	https://wefunder.com/
0001670254-23-000649	1			Weltio  I, a series of Wefunder SPV, LLC	Limited Liability Company		DE	20-JUN-2023	4104 24TH ST	PMB 8113	San Francisco	CA	94114	https://wefunder.com/
0001803421-23-000002	1			Sativa Building Systems	Limited Liability Company		DE	29-JUL-2021	4104 24th Street	PMB 8113	San Francisco	CA	94114	https://wefunder.com/
0001670254-23-000645	1			Papumba I, a series of Wefunder SPV, LLC	Limited Liability Company		DE	15-JUN-2023	4104 24TH ST	PMB 8113	San Francisco	CA	94114	https://wefunder.com/
0001670254-23-000643	1			ClearingBid I, a series of Wefunder SPV, LLC	Limited Liability Company		DE	15-JUN-2023	4104 24TH ST	PMB 8113	San Francisco	CA	94114	https://wefunder.com/
0001644600-23-000113	1			Ampere Technologies CF SPV, LLC	Limited Liability Company		DE	21-MAR-2023	8 THE GREEN SUITE A		Dover	DE	19901	
0001670254-23-000641	1			Jurny I, a series of Wefunder SPV, LLC	Limited Liability Company		DE	12-JUN-2023	4104 24TH ST	PMB 8113	San Francisco	CA	94114	https://wefunder.com/
0001670254-23-000641	2			Jurny I EB, a series of Wefunder SPV, LLC	Limited Liability Company		DE	12-JUN-2023	4104 24TH ST	PMB 8113	San Francisco	CA	94114	https://wefunder.com/
0001670254-23-000640	1			XpressRun I, a series of Wefunder SPV, LLC	Limited Liability Company		DE	09-JUN-2023	4104 24TH ST	PMB 8113	San Francisco	CA	94114	https://wefunder.com/
0001670254-23-000638	1			XpressRun I, a series of Wefunder SPV, LLC	Limited Liability Company		DE	09-JUN-2023	4104 24TH ST	PMB 8113	San Francisco	CA	94114	https://wefunder.com/
0001934516-23-000004	1			stephanie laflora	Corporation		DE	21-MAR-2022	8 The Green	STE 300	Dover	DE	19901	www.crownhunt.io
0001670254-23-000630	1			Vampire Corporation I, a series of Wefunder SPV, LLC	Limited Liability Company		DE	06-JUN-2023	4104 24TH ST	PMB 8113	San Francisco	CA	94114	https://wefunder.com/
0001670254-23-000630	2			Vampire Corporation I EB, a series of Wefunder SPV, LLC	Limited Liability Company		DE	06-JUN-2023	4104 24TH ST	PMB 8113	San Francisco	CA	94114	https://wefunder.com/
0001670254-23-000628	2			The Influence Board I EB, a series of Wefunder SPV, LLC	Limited Liability Company		DE	06-JUN-2023	4104 24TH ST	PMB 8113	San Francisco	CA	94114	https://wefunder.com/
0001670254-23-000628	1			The Influence Board I, a series of Wefunder SPV, LLC	Limited Liability Company		DE	06-JUN-2023	4104 24TH ST	PMB 8113	San Francisco	CA	94114	https://wefunder.com/
0001670254-23-000626	2			Here I EB, a series of Wefunder SPV, LLC	Limited Liability Company		DE	07-JUN-2023	4104 24TH ST	PMB 8113	San Francisco	CA	94114	https://wefunder.com/
0001670254-23-000626	1			Here I, a series of Wefunder SPV, LLC	Limited Liability Company		DE	07-JUN-2023	4104 24TH ST	PMB 8113	San Francisco	CA	94114	https://wefunder.com/
0001670254-23-000624	2			Viit Health II EB, a series of Wefunder SPV, LLC	Limited Liability Company		DE	06-JUN-2023	4104 24TH ST	PMB 8113	San Francisco	CA	94114	https://wefunder.com/
0001670254-23-000624	1			Viit Health II, a series of Wefunder SPV, LLC	Limited Liability Company		DE	06-JUN-2023	4104 24TH ST	PMB 8113	San Francisco	CA	94114	https://wefunder.com/
0001670254-23-000620	1			Sanara I, a series of Wefunder SPV, LLC	Limited Liability Company		DE	20-MAR-2023	4104 24TH ST	PMB 8113	San Francisco	CA	94114	https://wefunder.com/
0001670254-23-000618	1			Help Texts I, a series of Wefunder SPV, LLC	Limited Liability Company		DE	06-JUN-2023	4104 24TH ST	PMB 8113	San Francisco	CA	94114	https://wefunder.com/
0001670254-23-000621	1			Antelope Recovery I, a series of Wefunder SPV, LLC	Limited Liability Company		DE	09-MAR-2023	4104 24TH ST	PMB 8113	San Francisco	CA	94114	https://wefunder.com/
0001670254-23-000621	2			Antelope Recovery I EB, a series of Wefunder SPV, LLC	Limited Liability Company		DE	09-MAR-2023	4104 24TH ST	PMB 8113	San Francisco	CA	94114	https://wefunder.com/
0001670254-23-000616	1			Spinn I, a series of Wefunder SPV, LLC	Limited Liability Company		DE	06-JUN-2023	4104 24TH ST	PMB 8113	San Francisco	CA	94114	https://wefunder.com/
0001821982-23-000006	1			North Cove Crowdfunding SPV, LLC	Limited Liability Company		NC	07-APR-2022	210 Blue Ridge Dr. N.		Marion	NC	28752	
0001979200-23-000002	1			ParaVita, LLC	Limited Liability Company		MO	12-FEB-2021	524 Rooster Ridge Court		Defiance	MO	63341	
0001670254-23-000614	2			Tect I EB, a series of Wefunder SPV, LLC	Limited Liability Company		DE	06-JUN-2023	4104 24TH ST	PMB 8113	San Francisco	CA	94114	https://wefunder.com/
0001670254-23-000614	1			Tect I, a series of Wefunder SPV, LLC	Limited Liability Company		DE	06-JUN-2023	4104 24TH ST	PMB 8113	San Francisco	CA	94114	https://wefunder.com/
0001213900-23-046248	1		0001974828	ZenniHome CF LLC	Limited Liability Company		DE	17-APR-2023	4645 North 32nd Street, Suite A-255		Phoenix	AZ	85018	
0001875078-23-000002	1			CabinetM I	Limited Liability Company		DE	22-JUL-2021	4104 24th St.	PMB 8113	San Francisco	CA	94114	wefunder.com
0001875078-23-000001	1			CabinetM I	Limited Liability Company		DE	22-JUL-2021	4104 24th Street	PMB 8113	San Francisco	CA	94114	https://wefunder.com/
0001670254-23-000608	1			EAMS Technology I, a series of Wefunder SPV, LLC	Limited Liability Company		DE	02-JUN-2023	4104 24TH ST	PMB 8113	San Francisco	CA	94114	https://wefunder.com/
0001670254-23-000608	2			EAMS Technology I EB, a series of Wefunder SPV, LLC	Limited Liability Company		DE	02-JUN-2023	4104 24TH ST	PMB 8113	San Francisco	CA	94114	https://wefunder.com/
0001670254-23-000605	1			Davenport SAF-T Systems I, a series of Wefunder SPV, LLC	Limited Liability Company		DE	02-JUN-2023	4104 24TH ST	PMB 8113	San Francisco	CA	94114	https://wefunder.com/
0001670254-23-000605	2			Davenport SAF-T Systems I EB, a series of Wefunder SPV, LLC	Limited Liability Company		DE	02-JUN-2023	4104 24TH ST	PMB 8113	San Francisco	CA	94114	https://wefunder.com/
0001670254-23-000610	1			Portrait Coffee I, a series of Wefunder SPV, LLC	Limited Liability Company		DE	02-JUN-2023	4104 24TH ST	PMB 8113	San Francisco	CA	94114	https://wefunder.com/
0001670254-23-000610	2			Portrait Coffee I EB, a series of Wefunder SPV, LLC	Limited Liability Company		DE	02-JUN-2023	4104 24TH ST	PMB 8113	San Francisco	CA	94114	https://wefunder.com/
0001670254-23-000612	1			SEANCE Film II, a series of Wefunder SPV, LLC	Limited Liability Company		DE	23-FEB-2023	4104 24TH ST	PMB 8113	San Francisco	CA	94114	https://wefunder.com/
0001670254-23-000603	1			PaySoko Systems I, a series of Wefunder SPV, LLC	Limited Liability Company		DE	02-JUN-2023	4104 24TH ST	PMB 8113	San Francisco	CA	94114	https://wefunder.com/
0001670254-23-000603	2			PaySoko Systems I EB, a series of Wefunder SPV, LLC	Limited Liability Company		DE	02-JUN-2023	4104 24TH ST	PMB 8113	San Francisco	CA	94114	https://wefunder.com/
0001670254-23-000601	1			SuperMush I, a series of Wefunder SPV, LLC	Limited Liability Company		DE	02-JUN-2023	4104 24TH ST	PMB 8113	San Francisco	CA	94114	https://wefunder.com/
0001979883-23-000001	1			Goodegg Wealth Fund II, LLC	Limited Liability Company		WY	13-DEC-2022	18 BARTOL ST #1168		SAN FRANCISCO	CA	94133	http://goodegg.sppx.io
0001670254-23-000598	2			Sen-Jam Pharmaceutical II EB, a series of Wefunder SPV, LLC	Limited Liability Company		DE	01-JUN-2023	4104 24TH ST	PMB 8113	San Francisco	CA	94114	https://wefunder.com/
0001670254-23-000598	1			Sen-Jam Pharmaceutical II, a series of Wefunder SPV, LLC	Limited Liability Company		DE	01-JUN-2023	4104 24TH ST	PMB 8113	San Francisco	CA	94114	https://wefunder.com/
0001945032-23-000002	1			Aura Health CF Investors SPV, LLC	Limited Liability Company		DE	23-JAN-2023	720 Dolores Street		San Francisco	CA	94110	
0001670254-23-000596	1			Tally Kids I, a series of Wefunder SPV, LLC	Limited Liability Company		DE	22-MAY-2023	4104 24TH ST	PMB 8113	San Francisco	CA	94114	https://wefunder.com/
0001670254-23-000596	2			Tally Kids I EB, a series of Wefunder SPV, LLC	Limited Liability Company		DE	22-MAY-2023	4104 24TH ST	PMB 8113	San Francisco	CA	94114	https://wefunder.com/
0001670254-23-000593	2			Aquaria I EB, a series of Wefunder SPV, LLC	Limited Liability Company		DE	26-MAY-2023	4104 24TH ST	PMB 8113	San Francisco	CA	94114	https://wefunder.com/
0001670254-23-000593	1			Aquaria I, a series of Wefunder SPV, LLC	Limited Liability Company		DE	26-MAY-2023	4104 24TH ST	PMB 8113	San Francisco	CA	94114	https://wefunder.com/
0001670254-23-000591	2			Zeehaus I EB, a series of Wefunder SPV, LLC	Limited Liability Company		DE	26-MAY-2023	4104 24TH ST	PMB 8113	San Francisco	CA	94114	https://wefunder.com/
0001670254-23-000591	1			Zeehaus I, a series of Wefunder SPV, LLC	Limited Liability Company		DE	26-MAY-2023	4104 24TH ST	PMB 8113	San Francisco	CA	94114	https://wefunder.com/
0001670254-23-000588	1			Sunday Golf I, a series of Wefunder SPV, LLC	Limited Liability Company		DE	26-MAY-2023	4104 24TH ST	PMB 8113	San Francisco	CA	94114	https://wefunder.com/
0001670254-23-000588	2			Sunday Golf I EB, a series of Wefunder SPV, LLC	Limited Liability Company		DE	26-MAY-2023	4104 24TH ST	PMB 8113	San Francisco	CA	94114	https://wefunder.com/
0001670254-23-000586	1			Betterworld I, a series of Wefunder SPV, LLC	Limited Liability Company		DE	25-MAY-2023	4104 24TH ST	PMB 8113	San Francisco	CA	94114	https://wefunder.com/
0001670254-23-000586	2			Betterworld I EB, a series of Wefunder SPV, LLC	Limited Liability Company		DE	25-MAY-2023	4104 24TH ST	PMB 8113	San Francisco	CA	94114	https://wefunder.com/
0001670254-23-000582	1			Volcanic Retail I, a series of Wefunder SPV, LLC	Limited Liability Company		DE	24-MAY-2023	4104 24TH ST	PMB 8113	San Francisco	CA	94114	https://wefunder.com/
0001670254-23-000582	2			Volcanic Retail I EB, a series of Wefunder SPV, LLC	Limited Liability Company		DE	24-MAY-2023	4104 24TH ST	PMB 8113	San Francisco	CA	94114	https://wefunder.com/
0001670254-23-000579	2			BenchK12 I EB, a series of Wefunder SPV, LLC	Limited Liability Company		DE	19-APR-2023	4104 24TH ST	PMB 8113	San Francisco	CA	94114	https://wefunder.com/
0001670254-23-000581	2			Snapify I EB, a series of Wefunder SPV, LLC	Limited Liability Company		DE	03-APR-2023	4104 24TH ST	PMB 8113	San Francisco	CA	94114	https://wefunder.com/
0001670254-23-000579	1			BenchK12 I, a series of Wefunder SPV, LLC	Limited Liability Company		DE	19-APR-2023	4104 24TH ST	PMB 8113	San Francisco	CA	94114	https://wefunder.com/
0001670254-23-000581	1			Snapify I, a series of Wefunder SPV, LLC	Limited Liability Company		DE	03-APR-2023	4104 24TH ST	PMB 8113	San Francisco	CA	94114	https://wefunder.com/
0001862194-23-000002	1			Dragon Spirits Marketing I	Limited Liability Company		DE	07-OCT-2021	4104 24th Street	PMB 8113	San Francisco	CA	94114	https://wefunder.com/
0001976357-23-000002	1			Nimbus, Inc	Corporation		DE	09-OCT-2019	196 Stanton Street		New York	NY	10002	www.nimbuskitchen.com
0001670254-23-000572	2			Tally Kids I EB, a series of Wefunder SPV, LLC	Limited Liability Company		DE	22-MAY-2023	4104 24TH ST	PMB 8113	San Francisco	CA	94114	https://wefunder.com/
0001670254-23-000572	1			Tally Kids I, a series of Wefunder SPV, LLC	Limited Liability Company		DE	22-MAY-2023	4104 24TH ST	PMB 8113	San Francisco	CA	94114	https://wefunder.com/
0001670254-23-000565	1			Mate Fertility I, a series of Wefunder SPV, LLC	Limited Liability Company		DE	18-MAY-2023	4104 24TH ST	PMB 8113	San Francisco	CA	94114	https://wefunder.com/
0001670254-23-000563	1			Norbert Health I, a series of Wefunder SPV, LLC	Limited Liability Company		DE	15-MAY-2023	4104 24TH ST	PMB 8113	San Francisco	CA	94114	https://wefunder.com/
0001853669-23-000004	1			CurlMix I, a series of Wefunder SPV, LLC	Limited Liability Company		DE	30-JUL-2021	4104 24th Street		San Francisco	CA	94114	wefunder.com
0001670254-23-000559	1			Areto Labs I, a series of Wefunder SPV, LLC	Limited Liability Company		DE	16-MAY-2023	4104 24TH ST	PMB 8113	San Francisco	CA	94114	https://wefunder.com/
0001670254-23-000557	1			Yaupon I, a series of Wefunder SPV, LLC	Limited Liability Company		DE	15-MAY-2023	4104 24TH ST	PMB 8113	San Francisco	CA	94114	https://wefunder.com/
0001670254-23-000557	2			Yaupon I EB, a series of Wefunder SPV, LLC	Limited Liability Company		DE	15-MAY-2023	4104 24TH ST	PMB 8113	San Francisco	CA	94114	https://wefunder.com/
0001644600-23-000104	1			Ampere Technologies CF SPV, LLC	Limited Liability Company		DE	21-MAR-2023	8 THE GREEN SUITE A		Dover	DE	19901	
0001670254-23-000555	1			Curtiss I, a series of Wefunder SPV, LLC	Limited Liability Company		DE	15-MAY-2023	4104 24TH ST	PMB 8113	San Francisco	CA	94114	https://wefunder.com/
0001670254-23-000549	1			Well Traveled I, a series of Wefunder SPV, LLC	Limited Liability Company		DE	12-MAY-2023	4104 24TH ST	PMB 8113	San Francisco	CA	94114	https://wefunder.com/
0001670254-23-000553	1			Ollo Footwear I, a series of Wefunder SPV, LLC	Limited Liability Company		DE	12-MAY-2023	4104 24TH ST	PMB 8113	San Francisco	CA	94114	https://wefunder.com/
0001670254-23-000549	2			Well Traveled I EB, a series of Wefunder SPV, LLC	Limited Liability Company		DE	12-MAY-2023	4104 24TH ST	PMB 8113	San Francisco	CA	94114	https://wefunder.com/
0001670254-23-000547	1			Booji I, a series of Wefunder SPV, LLC	Limited Liability Company		DE	05-MAY-2023	4104 24TH ST	PMB 8113	San Francisco	CA	94114	https://wefunder.com/
0001670254-23-000547	2			Booji I EB, a series of Wefunder SPV, LLC	Limited Liability Company		DE	05-MAY-2023	4104 24TH ST	PMB 8113	San Francisco	CA	94114	https://wefunder.com/
0001670254-23-000541	1			CurbCutOS I, a series of Wefunder SPV, LLC	Limited Liability Company		DE	11-MAY-2023	4104 24TH ST	PMB 8113	San Francisco	CA	94114	https://wefunder.com/
0001670254-23-000541	2			CurbCutOS I EB, a series of Wefunder SPV, LLC	Limited Liability Company		DE	11-MAY-2023	4104 24TH ST	PMB 8113	San Francisco	CA	94114	https://wefunder.com/
0001062993-23-010829	1			DDM Systems CF SPV, LLC	Limited Liability Company		DE	15-FEB-2023	1876 Defoor Avenue Northwest	Bldg. 3	Atlanta	GA	30318	
0001670254-23-000539	1			Electric Playhouse Las Vegas I, a series of Wefunder SPV, LLC	Limited Liability Company		DE	11-MAY-2023	4104 24TH ST	PMB 8113	San Francisco	CA	94114	https://wefunder.com/
0001670254-23-000537	2			Pangea Movement II EB, a series of Wefunder SPV, LLC	Limited Liability Company		DE	05-MAY-2023	4104 24TH ST	PMB 8113	San Francisco	CA	94114	https://wefunder.com/
0001670254-23-000537	1			Pangea Movement II, a series of Wefunder SPV, LLC	Limited Liability Company		DE	05-MAY-2023	4104 24TH ST	PMB 8113	San Francisco	CA	94114	https://wefunder.com/
0001670254-23-000533	2			Pangea Movement II EB, a series of Wefunder SPV, LLC	Limited Liability Company		DE	05-MAY-2023	4104 24TH ST	PMB 8113	San Francisco	CA	94114	https://wefunder.com/
0001670254-23-000530	1			Logoi Learning Systems I, a series of Wefunder SPV, LLC	Limited Liability Company		DE	10-MAY-2023	4104 24TH ST	PMB 8113	San Francisco	CA	94114	https://wefunder.com/
0001670254-23-000533	1			Pangea Movement II, a series of Wefunder SPV, LLC	Limited Liability Company		DE	05-MAY-2023	4104 24TH ST	PMB 8113	San Francisco	CA	94114	https://wefunder.com/
0001852106-23-000004	1			Issuer Pixel I	Limited Liability Company		DE	22-OCT-2021	4104 24th St.	PMB 8113	San Francisco	CA	94114	www.wefunder.com
0001670254-23-000528	2			Civilized Cycles I EB, a series of Wefunder SPV, LLC	Limited Liability Company		DE	09-MAY-2023	4104 24TH ST	PMB 8113	San Francisco	CA	94114	https://wefunder.com/
0001852106-23-000002	1			Issuer Pixel I	Limited Liability Company		DE	22-OCT-2021	4104 24th St.	PMB 8113	San Francisco	CA	94114	wefunder.com
0001670254-23-000528	1			Civilized Cycles I, a series of Wefunder SPV, LLC	Limited Liability Company		DE	09-MAY-2023	4104 24TH ST	PMB 8113	San Francisco	CA	94114	https://wefunder.com/
0001896397-23-000001	1			Boseco I	Limited Liability Company		DE	16-DEC-2021	4104 24th Street	PMB 8113	San Francisco	CA	94114	https://wefunder.com/
0001670254-23-000523	2			Booji I EB, a series of Wefunder SPV, LLC	Limited Liability Company		DE	05-MAY-2023	4104 24TH ST	PMB 8113	San Francisco	CA	94114	https://wefunder.com/
0001670254-23-000523	1			Booji I, a series of Wefunder SPV, LLC	Limited Liability Company		DE	05-MAY-2023	4104 24TH ST	PMB 8113	San Francisco	CA	94114	https://wefunder.com/
0001670254-23-000520	1			Lppfusion III, a series of Wefunder SPV, LLC	Limited Liability Company		DE	05-MAY-2023	4104 24TH ST	PMB 8113	San Francisco	CA	94114	https://wefunder.com/
0001644600-23-000101	1			Beast Brands CF Investors SPV, LLC	Limited Liability Company		DE	02-SEP-2022	305 Vienna St.		Ruston	LA	71720	https://www.getbeast.com
0001644600-23-000100	1			Beast CF Investors SPV, LLC	Limited Liability Company		DE	02-SEP-2022	305 Vienna St.		Ruston	LA	71720	https://www.getbeast.com
0001670450-23-000004	1	EdgarFiler	0001812836	Wind Harvest Pilot Project Inc	Corporation		DE	07-APR-2020	724 N STREET		DAVIS	CA	95616	https://windharvest.com/
0001670254-23-000518	1			Smyle Nation I, a series of Wefunder SPV, LLC	Limited Liability Company		DE	04-MAY-2023	4104 24TH ST	PMB 8113	San Francisco	CA	94114	https://wefunder.com/
0001670254-23-000518	2			Smyle Nation I EB, a series of Wefunder SPV, LLC	Limited Liability Company		DE	04-MAY-2023	4104 24TH ST	PMB 8113	San Francisco	CA	94114	https://wefunder.com/
0001670254-23-000516	1			Monte Sereno Health I, a series of Wefunder SPV, LLC	Limited Liability Company		DE	04-MAY-2023	4104 24TH ST	PMB 8113	San Francisco	CA	94114	https://wefunder.com/
0001670254-23-000516	2			Monte Sereno Health I EB, a series of Wefunder SPV, LLC	Limited Liability Company		DE	04-MAY-2023	4104 24TH ST	PMB 8113	San Francisco	CA	94114	https://wefunder.com/
0001670254-23-000512	1			Planet Theta I, a series of Wefunder SPV, LLC	Limited Liability Company		DE	03-MAY-2023	4104 24TH ST	PMB 8113	San Francisco	CA	94114	https://wefunder.com/
0001670254-23-000512	2			Planet Theta I EB, a series of Wefunder SPV, LLC	Limited Liability Company		DE	03-MAY-2023	4104 24TH ST	PMB 8113	San Francisco	CA	94114	https://wefunder.com/
0001670254-23-000505	1			Kunduz  I, a series of Wefunder SPV, LLC	Limited Liability Company		DE	04-MAY-2023	4104 24TH ST	PMB 8113	San Francisco	CA	94114	https://wefunder.com/
0001670254-23-000504	1			Seedsheet I, a series of Wefunder SPV, LLC	Limited Liability Company		DE	09-SEP-2022	4104 24TH ST	PMB 8113	San Francisco	CA	94114	https://wefunder.com/
0001670254-23-000504	2			Seedsheet I EB, a series of Wefunder SPV, LLC	Limited Liability Company		DE	09-SEP-2022	4104 24TH ST	PMB 8113	San Francisco	CA	94114	https://wefunder.com/
0001875718-23-000002	1			Rasa I	Limited Liability Company		DE	30-JUL-2021	4104 24th St.	PMB 8113	San Francisco	CA	94114	wefunder.com
0001670254-23-000499	2			Call Emmy I EB, a series of Wefunder SPV, LLC	Limited Liability Company		DE	01-MAY-2023	4104 24TH ST	PMB 8113	San Francisco	CA	94114	https://wefunder.com/
0001670254-23-000499	1			Call Emmy I, a series of Wefunder SPV, LLC	Limited Liability Company		DE	01-MAY-2023	4104 24TH ST	PMB 8113	San Francisco	CA	94114	https://wefunder.com/
0001644600-23-000088	1			Beast Brands CF Investors SPV, LLC	Limited Liability Company		DE	02-SEP-2022	305 Vienna St.		Ruston	LA	71720	
0001644600-23-000089	1			Sweater Inc Community SPV1 LLC	Limited Liability Company		DE	22-DEC-2022	520 MOUNT RAINIER STREET		BERTHOUD	CO	80513	
0001670254-23-000490	1			Solaxa PBC I, a series of Wefunder SPV, LLC	Limited Liability Company		DE	28-APR-2023	4104 24TH ST	PMB 8113	San Francisco	CA	94114	https://wefunder.com/
0001670254-23-000494	1			Raise Green I, a series of Wefunder SPV, LLC	Limited Liability Company		DE	06-FEB-2023	4104 24TH ST	PMB 8113	San Francisco	CA	94114	https://wefunder.com/
0001644600-23-000090	1			Sweater Inc Community SPV1 LLC	Limited Liability Company		DE	22-DEC-2022	520 MOUNT RAINIER STREET		BERTHOUD	CO	80513	
0001670254-23-000492	1			Fast Bags Corp I, a series of Wefunder SPV, LLC	Limited Liability Company		DE	21-DEC-2022	4104 24TH ST	PMB 8113	San Francisco	CA	94114	https://wefunder.com/
0001670254-23-000492	2			Fast Bags Corp I EB, a series of Wefunder SPV, LLC	Limited Liability Company		DE	21-DEC-2022	4104 24TH ST	PMB 8113	San Francisco	CA	94114	https://wefunder.com/
0001670254-23-000490	2			Solaxa PBC I EB, a series of Wefunder SPV, LLC	Limited Liability Company		DE	28-APR-2023	4104 24TH ST	PMB 8113	San Francisco	CA	94114	https://wefunder.com/
0001871449-23-000003	1			Escaping Ohio I	Limited Liability Company		DE	29-JUL-2021	4104 24th St.	PMB 8113	San Francisco	CA	94114	wefunder.com
0001907407-23-000001	1			SimGraphics Engineering I	Limited Liability Company		DE	31-JAN-2022	4104 24th St.	PMB 8113	San Francisco	CA	94114	wefunder.com
0001938502-23-000004	1			GATR CF Investors SPV, LLC	Limited Liability Company		DE	02-NOV-2022	1635 ST. PATRICK ST		THIBODAUX	LA	70301	
0001670254-23-000485	2			Level Up Basketball I EB, a series of Wefunder SPV, LLC	Limited Liability Company		DE	13-JAN-2023	4104 24TH ST	PMB 8113	San Francisco	CA	94114	https://wefunder.com/
0001670254-23-000485	1			Level Up Basketball I, a series of Wefunder SPV, LLC	Limited Liability Company		DE	13-JAN-2023	4104 24TH ST	PMB 8113	San Francisco	CA	94114	https://wefunder.com/
0001644600-23-000086	1			Rayton I, a series of Wefunder SPV, LLC	Limited Liability Company		DE	14-FEB-2023	4104 24TH ST	PMB 8113	San Francisco	CA	94114	https://wefunder.com/
0001863639-23-000001	1			Mount I	Limited Liability Company		DE	18-MAY-2021	4104 24th St.	PMB 8113	San Francisco	CA	94114	wefunder.com
0001644600-23-000083	1			William Shatner Documentary I, a series of Wefunder SPV, LLC	Limited Liability Company		DE	25-JAN-2023	4104 24th Street	PMB 8113	San Francisco	CA	94114	https://wefunder.com
0001683168-23-002775	1			Heroic CF SPV, LLC	Limited Liability Company		DE	21-APR-2022	9901 Brodie Lane	Suite 160 #1388	Austin	TX	78748	www.heroic.us
0001887661-23-000004	1			Ziggurat Technologies I	Limited Partnership		DE	19-OCT-2021	4104 24TH ST	PMB 8113	San Francisco	CA	94114	www.wefunder.com
0001683168-23-002773	1			Heroic CF SPV, LLC	Limited Liability Company		DE	21-APR-2022	9901 Brodie Lane	Suite 160 #1388	Austin	TX	78748	www.heroic.us
0001941204-23-000001	1			LocalBuzz I	Limited Liability Company		DE	11-AUG-2022	4104 24th St.	PMB 8113	San Francisco	CA	94114	wefunder.com
0001939995-23-000001	1			Queer Spaces I	Limited Liability Company		DE	03-AUG-2022	4104 24th St.	PMB 8113	San Francisco	CA	94114	wefunder.com
0001670254-23-000480	1			CityFreighter I, a series of Wefunder SPV, LLC	Limited Liability Company		DE	28-APR-2023	4104 24TH ST	PMB 8113	San Francisco	CA	94114	https://wefunder.com/
0001670254-23-000480	2			CityFreighter I EB, a series of Wefunder SPV, LLC	Limited Liability Company		DE	28-APR-2023	4104 24TH ST	PMB 8113	San Francisco	CA	94114	https://wefunder.com/
0001670254-23-000482	1			Camp Gladiator I, a series of Wefunder SPV, LLC	Limited Liability Company		DE	06-MAR-2023	4104 24TH ST	PMB 8113	San Francisco	CA	94114	https://wefunder.com/
0001670254-23-000482	2			Camp Gladiator I EB, a series of Wefunder SPV, LLC	Limited Liability Company		DE	06-MAR-2023	4104 24TH ST	PMB 8113	San Francisco	CA	94114	https://wefunder.com/
0001644600-23-000079	1			Sweater Inc Community SPV1 LLC	Limited Liability Company		DE	22-DEC-2022	520 MOUNT RAINIER STREET		BERTHOUD	CO	80513	
0001670254-23-000470	2			Ravel Health I EB, a series of Wefunder SPV, LLC	Limited Liability Company		DE	28-APR-2023	4104 24TH ST	PMB 8113	San Francisco	CA	94114	https://wefunder.com/
0001670254-23-000470	1			Ravel Health I, a series of Wefunder SPV, LLC	Limited Liability Company		DE	28-APR-2023	4104 24TH ST	PMB 8113	San Francisco	CA	94114	https://wefunder.com/
0001923665-23-000002	1			Allocortech I, a series of Wefunder SPV, LLC	Limited Liability Company		DE	22-APR-2022	4104 24TH ST	PMB 8113	San Francisco	CA	94114	https://wefunder.com/
0001923665-23-000001	1			Allocortech I, a series of Wefunder SPV, LLC	Limited Liability Company		DE	22-APR-2022	4104 24TH ST	PMB 8113	San Francisco	CA	94114	https://wefunder.com/
0001670254-23-000467	1			Mentalhappy  I, a series of Wefunder SPV, LLC	Limited Liability Company		DE	02-FEB-2023	4104 24TH ST	PMB 8113	San Francisco	CA	94114	https://wefunder.com/
0001873218-23-000002	1			Taylor Hoffman I, a series of Wefunder SPV, LLC	Limited Liability Company		DE	15-MAR-2022	4104 24th St	PMB 8113	San Francisco	CA	94114	https://wefunder.com/
0001213900-23-033705	1		0001974828	ZenniHome CF LLC	Limited Liability Company		DE	17-APR-2023	4645 North 32nd Street, Suite A-255		Phoenix	AZ	85018	
0001670254-23-000462	2			PVP I EB, a series of Wefunder SPV, LLC	Limited Liability Company		DE	08-MAR-2023	4104 24TH ST	PMB 8113	San Francisco	CA	94114	https://wefunder.com/
0001670254-23-000462	1			PVP I, a series of Wefunder SPV, LLC	Limited Liability Company		DE	08-MAR-2023	4104 24TH ST	PMB 8113	San Francisco	CA	94114	https://wefunder.com/
0001670254-23-000461	1			Airthium  II, a series of Wefunder SPV, LLC	Limited Liability Company		DE	21-JUL-2022	4104 24TH ST	PMB 8113	San Francisco	CA	94114	https://wefunder.com/
0001670254-23-000459	1			Airthium  II, a series of Wefunder SPV, LLC	Limited Liability Company		DE	21-JUL-2022	4104 24TH ST	PMB 8113	San Francisco	CA	94114	https://wefunder.com/
0001905372-23-000002	1			Vitalize Angels Cyber Popup, Inc. I, a series of WeFunder SPV, LLC	Limited Liability Company		DE	21-MAR-2022	4104 24th ST	PMB 8113	San Franciso	CA	94114	https://wefunder.com/
0001670254-23-000457	1			WebStreet Round 5 I, a series of Wefunder SPV, LLC	Limited Liability Company		DE	27-APR-2023	4104 24TH ST	PMB 8113	San Francisco	CA	94114	https://wefunder.com/
0001670254-23-000452	1			Pangea Brands I, a series of Wefunder SPV, LLC	Limited Liability Company		DE	14-MAR-2023	4104 24TH ST	PMB 8113	San Francisco	CA	94114	https://wefunder.com/
0001670254-23-000449	2			Clean Earth Rovers I EB, a series of Wefunder SPV, LLC	Limited Liability Company		DE	27-APR-2023	4104 24TH ST	PMB 8113	San Francisco	CA	94114	https://wefunder.com/
0001670254-23-000449	1			Clean Earth Rovers I, a series of Wefunder SPV, LLC	Limited Liability Company		DE	27-APR-2023	4104 24TH ST	PMB 8113	San Francisco	CA	94114	https://wefunder.com/
0001875092-23-000003	1			OurBanc Corporation I	Limited Liability Company		DE	25-AUG-2021	4104 24th Street	PMB 8113	San Francisco	CA	94114	https://wefunder.com/
0001670254-23-000445	1			CoCo Noir I, a series of Wefunder SPV, LLC	Limited Liability Company		DE	13-SEP-2022	4104 24TH ST	PMB 8113	San Francisco	CA	94114	https://wefunder.com/
0001670254-23-000444	1			Rayton I, a series of Wefunder SPV, LLC	Limited Liability Company		DE	14-FEB-2023	4104 24TH ST	PMB 8113	San Francisco	CA	94114	https://wefunder.com/
0001670254-23-000444	2			Rayton I EB, a series of Wefunder SPV, LLC	Limited Liability Company		DE	14-FEB-2023	4104 24TH ST	PMB 8113	San Francisco	CA	94114	https://wefunder.com/
0001670254-23-000443	1			Clip I, a series of Wefunder SPV, LLC	Limited Liability Company		DE	26-AUG-2022	4104 24TH ST	PMB 8113	San Francisco	CA	94114	https://wefunder.com/
0001670254-23-000443	2			Clip I EB, a series of Wefunder SPV, LLC	Limited Liability Company		DE	26-AUG-2022	4104 24TH ST	PMB 8113	San Francisco	CA	94114	https://wefunder.com/
0001670254-23-000441	1			Abillion I, a series of Wefunder SPV, LLC	Limited Liability Company		DE	01-DEC-2022	4104 24TH ST	PMB 8113	San Francisco	CA	94114	https://wefunder.com/
0001670254-23-000441	2			Abillion I EB, a series of Wefunder SPV, LLC	Limited Liability Company		DE	01-DEC-2022	4104 24TH ST	PMB 8113	San Francisco	CA	94114	https://wefunder.com/
0001644600-23-000072	1			MyStreme I, a series of Wefunder SPV, LLC	Limited Liability Company		DE	13-MAR-2023	4104 24TH ST	PMB 8113	San Francisco	CA	94114	https://wefunder.com/
0001670254-23-000436	1			Bud Love I, a series of Wefunder SPV, LLC	Limited Liability Company		DE	27-OCT-2022	4104 24TH ST	PMB 8113	San Francisco	CA	94114	https://wefunder.com/
0001670254-23-000436	2			Bud Love I EB, a series of Wefunder SPV, LLC	Limited Liability Company		DE	27-OCT-2022	4104 24TH ST	PMB 8113	San Francisco	CA	94114	https://wefunder.com/
0001670254-23-000435	1			Loosid I, a series of Wefunder SPV, LLC	Limited Liability Company		DE	22-FEB-2023	4104 24TH ST	PMB 8113	San Francisco	CA	94114	https://wefunder.com/
0001670254-23-000435	2			Loosid I EB, a series of Wefunder SPV, LLC	Limited Liability Company		DE	22-FEB-2023	4104 24TH ST	PMB 8113	San Francisco	CA	94114	https://wefunder.com/
0001670254-23-000434	1			MTailor I, a series of Wefunder SPV, LLC	Limited Liability Company		DE	29-SEP-2022	4104 24TH ST	PMB 8113	San Francisco	CA	94114	https://wefunder.com/
0001670254-23-000434	2			MTailor I EB, a series of Wefunder SPV, LLC	Limited Liability Company		DE	29-SEP-2022	4104 24TH ST	PMB 8113	San Francisco	CA	94114	https://wefunder.com/
0001887661-23-000002	1			Ziggurat Technologies I	Limited Liability Company		DE	19-OCT-2021	4104 24TH ST	PMB 8113	San Francisco	CA	94114	https://wefunder.com/
0001670254-23-000429	2			Avawatz I EB, a series of Wefunder SPV, LLC	Limited Liability Company		DE	14-MAR-2023	4104 24TH ST	PMB 8113	San Francisco	CA	94114	https://wefunder.com/
0001670254-23-000429	1			Avawatz I, a series of Wefunder SPV, LLC	Limited Liability Company		DE	14-MAR-2023	4104 24TH ST	PMB 8113	San Francisco	CA	94114	https://wefunder.com/
0001670254-23-000428	1			Pranos.ai I, a series of Wefunder SPV, LLC	Limited Liability Company		DE	06-AUG-2021	4104 24TH ST	PMB 8113	San Francisco	CA	94114	https://wefunder.com/
0001670254-23-000431	1			MyStreme I, a series of Wefunder SPV, LLC	Limited Liability Company		DE	13-MAR-2023	4104 24TH ST	PMB 8113	San Francisco	CA	94114	https://wefunder.com/
0001670254-23-000432	1			Crafter I, a series of Wefunder SPV, LLC	Limited Liability Company		DE	26-APR-2023	4104 24TH ST	PMB 8113	San Francisco	CA	94114	https://wefunder.com/
0001670254-23-000428	2			Pranos.ai I EB, a series of Wefunder SPV, LLC	Limited Liability Company		DE	06-AUG-2021	4104 24TH ST	PMB 8113	San Francisco	CA	94114	https://wefunder.com/
0001670254-23-000427	1			The China Project I, a series of Wefunder SPV, LLC	Limited Liability Company		DE	01-DEC-2022	4104 24TH ST	PMB 8113	San Francisco	CA	94114	https://wefunder.com/
0001670254-23-000422	1			Three Years Gone I, a series of Wefunder SPV, LLC	Limited Liability Company		DE	15-FEB-2023	4104 24TH ST	PMB 8113	San Francisco	CA	94114	https://wefunder.com/
0001670254-23-000422	2			Three Years Gone I EB, a series of Wefunder SPV, LLC	Limited Liability Company		DE	15-FEB-2023	4104 24TH ST	PMB 8113	San Francisco	CA	94114	https://wefunder.com/
0001670254-23-000419	1			EatOkra I, a series of Wefunder SPV, LLC	Limited Liability Company		DE	26-APR-2023	4104 24TH ST	PMB 8113	San Francisco	CA	94114	https://wefunder.com/
0001670254-23-000419	2			EatOkra I EB, a series of Wefunder SPV, LLC	Limited Liability Company		DE	26-APR-2023	4104 24TH ST	PMB 8113	San Francisco	CA	94114	https://wefunder.com/
0001670254-23-000418	1			OpenSeed I, a series of Wefunder SPV, LLC	Limited Liability Company		DE	06-JUL-2022	4104 24TH ST	PMB 8113	San Francisco	CA	94114	https://wefunder.com/
0001670254-23-000418	2			OpenSeed I EB, a series of Wefunder SPV, LLC	Limited Liability Company		DE	06-JUL-2022	4104 24TH ST	PMB 8113	San Francisco	CA	94114	https://wefunder.com/
0001670254-23-000416	1			The Yogi Movie I, a series of Wefunder SPV, LLC	Limited Liability Company		DE	22-JUL-2021	4104 24TH ST	PMB 8113	San Francisco	CA	94114	https://wefunder.com/
0001670254-23-000416	2			The Yogi Movie I EB, a series of Wefunder SPV, LLC	Limited Liability Company		DE	22-JUL-2021	4104 24TH ST	PMB 8113	San Francisco	CA	94114	https://wefunder.com/
0001670254-23-000415	1			Bow Wow Labs I, a series of Wefunder SPV, LLC	Limited Liability Company		DE	10-JAN-2023	4104 24TH ST	PMB 8113	San Francisco	CA	94114	https://wefunder.com/
0001670254-23-000415	2			Bow Wow Labs I EB, a series of Wefunder SPV, LLC	Limited Liability Company		DE	10-JAN-2023	4104 24TH ST	PMB 8113	San Francisco	CA	94114	https://wefunder.com/
0001831335-23-000002	1			PADL I	Limited Liability Company		DE	30-NOV-2021	4104 24th St.	PMB 8113	San Francisco	CA	94114	wefunder.com
0001670254-23-000414	1			The Smart Tire Company II, a series of Wefunder SPV, LLC	Limited Liability Company		DE	16-FEB-2023	4104 24TH ST	PMB 8113	San Francisco	CA	94114	https://wefunder.com/
0001670254-23-000414	2			The Smart Tire Company II EB, a series of Wefunder SPV, LLC	Limited Liability Company		DE	16-FEB-2023	4104 24TH ST	PMB 8113	San Francisco	CA	94114	https://wefunder.com/
0001670254-23-000413	2			Gryphon Online Safety I EB, a series of Wefunder SPV, LLC	Limited Liability Company		DE	01-DEC-2022	4104 24TH ST	PMB 8113	San Francisco	CA	94114	https://wefunder.com/
0001670254-23-000413	1			Gryphon Online Safety I, a series of Wefunder SPV, LLC	Limited Liability Company		DE	01-DEC-2022	4104 24TH ST	PMB 8113	San Francisco	CA	94114	https://wefunder.com/
0001804166-23-000001	1			Lil' Libros I	Limited Liability Company		DE	29-NOV-2021	4104 24th St.	PMB 8113	San Francisco	CA	94114	wefunder.com
0001670254-23-000412	1			Payroll4free.com inc. III, a series of Wefunder SPV, LLC	Limited Liability Company		DE	20-SEP-2022	4104 24TH ST	PMB 8113	San Francisco	CA	94114	https://wefunder.com/
0001670254-23-000412	2			Payroll4free.com inc. III EB, a series of Wefunder SPV, LLC	Limited Liability Company		DE	20-SEP-2022	4104 24TH ST	PMB 8113	San Francisco	CA	94114	https://wefunder.com/
0001670254-23-000411	1			Espanita Tequila Company I, a series of Wefunder SPV, LLC	Limited Liability Company		DE	21-MAY-2021	4104 24TH ST	PMB 8113	San Francisco	CA	94114	https://wefunder.com/
0001670254-23-000411	2			Espanita Tequila Company I EB, a series of Wefunder SPV, LLC	Limited Liability Company		DE	21-MAY-2021	4104 24TH ST	PMB 8113	San Francisco	CA	94114	https://wefunder.com/
0001670254-23-000410	1			Overplay I, a series of Wefunder SPV, LLC	Limited Liability Company		DE	08-DEC-2022	4104 24TH ST	PMB 8113	San Francisco	CA	94114	https://wefunder.com/
0001670254-23-000410	2			Overplay I EB, a series of Wefunder SPV, LLC	Limited Liability Company		DE	08-DEC-2022	4104 24TH ST	PMB 8113	San Francisco	CA	94114	https://wefunder.com/
0001908340-23-000002	1			Beetexting I	Limited Liability Company		DE	27-APR-2022	4104 24th St.	PMB 8113	San Francisco	CA	94114	www.wefunder.com
0001670254-23-000408	2			ReelwUrld I EB, a series of Wefunder SPV, LLC	Limited Liability Company		DE	01-DEC-2021	4104 24TH ST	PMB 8113	San Francisco	CA	94114	https://wefunder.com/
0001670254-23-000408	1			ReelwUrld I, a series of Wefunder SPV, LLC	Limited Liability Company		DE	01-DEC-2021	4104 24TH ST	PMB 8113	San Francisco	CA	94114	https://wefunder.com/
0001670254-23-000406	1			The 2.0 Collective I, a series of Wefunder SPV, LLC	Limited Liability Company		DE	25-APR-2023	4104 24TH ST	PMB 8113	San Francisco	CA	94114	https://wefunder.com/
0001670254-23-000405	1			Impakt I, a series of Wefunder SPV, LLC	Limited Liability Company		DE	30-JAN-2023	4104 24TH ST	PMB 8113	San Francisco	CA	94114	https://wefunder.com/
0001908340-23-000001	1			Beetexting I	Limited Liability Company		DE	27-APR-2022	4104 24th St.	PMB 8113	San Francisco	CA	94114	wefunder.com
0001670254-23-000401	2			Bow Wow Labs I EB, a series of Wefunder SPV, LLC	Limited Liability Company		DE	10-JAN-2023	4104 24TH ST	PMB 8113	San Francisco	CA	94114	https://wefunder.com/
0001670254-23-000401	1			Bow Wow Labs I, a series of Wefunder SPV, LLC	Limited Liability Company		DE	10-JAN-2023	4104 24TH ST	PMB 8113	San Francisco	CA	94114	https://wefunder.com/
0001670254-23-000400	1			Elixir Kombucha I, a series of Wefunder SPV, LLC	Limited Liability Company		DE	21-NOV-2022	4104 24TH ST	PMB 8113	San Francisco	CA	94114	https://wefunder.com/
0001670254-23-000396	2			Kitchenery I EB, a series of Wefunder SPV, LLC	Limited Liability Company		DE	03-FEB-2023	4104 24TH ST	PMB 8113	San Francisco	CA	94114	https://wefunder.com/
0001670254-23-000397	2			Netsave I EB, a series of Wefunder SPV, LLC	Limited Liability Company		DE	24-APR-2023	4104 24TH ST	PMB 8113	San Francisco	CA	94114	https://wefunder.com/
0001670254-23-000399	1			Nepal Tea Collective I, a series of Wefunder SPV, LLC	Limited Liability Company		DE	09-AUG-2022	4104 24TH ST	PMB 8113	San Francisco	CA	94114	https://wefunder.com/
0001670254-23-000396	1			Kitchenery I, a series of Wefunder SPV, LLC	Limited Liability Company		DE	03-FEB-2023	4104 24TH ST	PMB 8113	San Francisco	CA	94114	https://wefunder.com/
0001670254-23-000395	1			Recompose I, a series of Wefunder SPV, LLC	Limited Liability Company		DE	17-MAR-2023	4104 24TH ST	PMB 8113	San Francisco	CA	94114	https://wefunder.com/
0001670254-23-000394	2			Meta-Brain Labs I EB, a series of Wefunder SPV, LLC	Limited Liability Company		DE	14-FEB-2023	4104 24TH ST	PMB 8113	San Francisco	CA	94114	https://wefunder.com/
0001670254-23-000394	1			Meta-Brain Labs I, a series of Wefunder SPV, LLC	Limited Liability Company		DE	14-FEB-2023	4104 24TH ST	PMB 8113	San Francisco	CA	94114	https://wefunder.com/
0001670254-23-000393	1			Second Act I, a series of Wefunder SPV, LLC	Limited Liability Company		DE	01-JUL-2022	4104 24TH ST	PMB 8113	San Francisco	CA	94114	https://wefunder.com/
0001670254-23-000397	1			Netsave I, a series of Wefunder SPV, LLC	Limited Liability Company		DE	24-APR-2023	4104 24TH ST	PMB 8113	San Francisco	CA	94114	https://wefunder.com/
0001670254-23-000390	2			Tusk Browser I EB, a series of Wefunder SPV, LLC	Limited Liability Company		DE	21-DEC-2022	4104 24TH ST	PMB 8113	San Francisco	CA	94114	https://wefunder.com/
0001670254-23-000390	1			Tusk Browser I, a series of Wefunder SPV, LLC	Limited Liability Company		DE	21-DEC-2022	4104 24TH ST	PMB 8113	San Francisco	CA	94114	https://wefunder.com/
0001670254-23-000388	2			Throne  I EB, a series of Wefunder SPV, LLC	Limited Liability Company		DE	21-APR-2023	4104 24TH ST	PMB 8113	San Francisco	CA	94114	https://wefunder.com/
0001670254-23-000386	1			Qnetic I, a series of Wefunder SPV, LLC	Limited Liability Company		DE	23-DEC-2022	4104 24TH ST	PMB 8113	San Francisco	CA	94114	https://wefunder.com/
0001670254-23-000385	2			Allerpops II EB, a series of Wefunder SPV, LLC	Limited Liability Company		DE	15-DEC-2022	4104 24TH ST	PMB 8113	San Francisco	CA	94114	https://wefunder.com/
0001670254-23-000388	1			Throne  I, a series of Wefunder SPV, LLC	Limited Liability Company		DE	21-APR-2023	4104 24TH ST	PMB 8113	San Francisco	CA	94114	https://wefunder.com/
0001670254-23-000386	2			Qnetic I EB, a series of Wefunder SPV, LLC	Limited Liability Company		DE	23-DEC-2022	4104 24TH ST	PMB 8113	San Francisco	CA	94114	https://wefunder.com/
0001670254-23-000385	1			Allerpops II, a series of Wefunder SPV, LLC	Limited Liability Company		DE	15-DEC-2022	4104 24TH ST	PMB 8113	San Francisco	CA	94114	https://wefunder.com/
0001670254-23-000384	1			Doodeo  I, a series of Wefunder SPV, LLC	Limited Liability Company		DE	28-JAN-2022	4104 24TH ST	PMB 8113	San Francisco	CA	94114	https://wefunder.com/
0001670254-23-000384	2			Doodeo  I EB, a series of Wefunder SPV, LLC	Limited Liability Company		DE	28-JAN-2022	4104 24TH ST	PMB 8113	San Francisco	CA	94114	https://wefunder.com/
0001670254-23-000383	2			Loop I EB, a series of Wefunder SPV, LLC	Limited Liability Company		DE	17-FEB-2023	4104 24TH ST	PMB 8113	San Francisco	CA	94114	https://wefunder.com/
0001670254-23-000383	1			Loop I, a series of Wefunder SPV, LLC	Limited Liability Company		DE	17-FEB-2023	4104 24TH ST	PMB 8113	San Francisco	CA	94114	https://wefunder.com/
0001670254-23-000381	2			Upshift I EB, a series of Wefunder SPV, LLC	Limited Liability Company		DE	21-DEC-2022	4104 24TH ST	PMB 8113	San Francisco	CA	94114	https://wefunder.com/
0001670254-23-000382	1			Alma Financial I, a series of Wefunder SPV, LLC	Limited Liability Company		DE	15-MAR-2023	4104 24TH ST	PMB 8113	San Francisco	CA	94114	https://wefunder.com/
0001670254-23-000379	1			Speak as one I, a series of Wefunder SPV, LLC	Limited Liability Company		DE	19-APR-2023	4104 24TH ST	PMB 8113	San Francisco	CA	94114	https://wefunder.com/
0001670254-23-000381	1			Upshift I, a series of Wefunder SPV, LLC	Limited Liability Company		DE	21-DEC-2022	4104 24TH ST	PMB 8113	San Francisco	CA	94114	https://wefunder.com/
0001670254-23-000377	1			Bloomi I, a series of Wefunder SPV, LLC	Limited Liability Company		DE	16-MAR-2023	4104 24TH ST	PMB 8113	San Francisco	CA	94114	https://wefunder.com/
0001670254-23-000379	2			Speak as one I EB, a series of Wefunder SPV, LLC	Limited Liability Company		DE	19-APR-2023	4104 24TH ST	PMB 8113	San Francisco	CA	94114	https://wefunder.com/
0001670254-23-000378	1			Carosh Compliance Solutions I, a series of Wefunder SPV, LLC	Limited Liability Company		DE	30-JAN-2023	4104 24TH ST	PMB 8113	San Francisco	CA	94114	https://wefunder.com/
0001670254-23-000378	2			Carosh Compliance Solutions I EB, a series of Wefunder SPV, LLC	Limited Liability Company		DE	30-JAN-2023	4104 24TH ST	PMB 8113	San Francisco	CA	94114	https://wefunder.com/
0001644600-23-000067	1			Next Thing Technologies I, a series of Wefunder SPV, LLC	Limited Liability Company		DE	22-DEC-2021	2180 Vista Way Unit B #1096		Oceanside	CA	92054	
0001670254-23-000375	2			Vikktoria I EB, a series of Wefunder SPV, LLC	Limited Liability Company		DE	12-DEC-2022	4104 24TH ST	PMB 8113	San Francisco	CA	94114	https://wefunder.com/
0001670254-23-000375	1			Vikktoria I, a series of Wefunder SPV, LLC	Limited Liability Company		DE	12-DEC-2022	4104 24TH ST	PMB 8113	San Francisco	CA	94114	https://wefunder.com/
0001670254-23-000374	1			Seedsheet I, a series of Wefunder SPV, LLC	Limited Liability Company		DE	09-SEP-2022	4104 24TH ST	PMB 8113	San Francisco	CA	94114	https://wefunder.com/
0001670254-23-000374	2			Seedsheet I EB, a series of Wefunder SPV, LLC	Limited Liability Company		DE	09-SEP-2022	4104 24TH ST	PMB 8113	San Francisco	CA	94114	https://wefunder.com/
0001670254-23-000372	2			Mav Farm I EB, a series of Wefunder SPV, LLC	Limited Liability Company		DE	06-APR-2023	4104 24TH ST	PMB 8113	San Francisco	CA	94114	https://wefunder.com/
0001670254-23-000372	1			Mav Farm I, a series of Wefunder SPV, LLC	Limited Liability Company		DE	06-APR-2023	4104 24TH ST	PMB 8113	San Francisco	CA	94114	https://wefunder.com/
0001670254-23-000370	2			Motivision I EB, a series of Wefunder SPV, LLC	Limited Liability Company		DE	19-APR-2023	4104 24TH ST	PMB 8113	San Francisco	CA	94114	https://wefunder.com/
0001670254-23-000370	1			Motivision I, a series of Wefunder SPV, LLC	Limited Liability Company		DE	19-APR-2023	4104 24TH ST	PMB 8113	San Francisco	CA	94114	https://wefunder.com/
0001670254-23-000368	1			Itrachealth I, a series of Wefunder SPV, LLC	Limited Liability Company		DE	19-APR-2023	4104 24TH ST	PMB 8113	San Francisco	CA	94114	https://wefunder.com/
0001670254-23-000368	2			Itrachealth I EB, a series of Wefunder SPV, LLC	Limited Liability Company		DE	19-APR-2023	4104 24TH ST	PMB 8113	San Francisco	CA	94114	https://wefunder.com/
0001670254-23-000366	2			BenchK12 I EB, a series of Wefunder SPV, LLC	Limited Liability Company		DE	19-APR-2023	4104 24TH ST	PMB 8113	San Francisco	CA	94114	https://wefunder.com/
0001670254-23-000366	1			BenchK12 I, a series of Wefunder SPV, LLC	Limited Liability Company		DE	19-APR-2023	4104 24TH ST	PMB 8113	San Francisco	CA	94114	https://wefunder.com/
0001670254-23-000364	1			Perimeter I, a series of Wefunder SPV, LLC	Limited Liability Company		DE	19-APR-2023	4104 24TH ST	PMB 8113	San Francisco	CA	94114	https://wefunder.com/
0001670254-23-000363	1			The King of Con I, a series of Wefunder SPV, LLC	Limited Liability Company		DE	03-NOV-2022	4104 24TH ST	PMB 8113	San Francisco	CA	94114	https://wefunder.com/
0001670254-23-000362	1			Teeccino I, a series of Wefunder SPV, LLC	Limited Liability Company		DE	21-DEC-2022	4104 24TH ST	PMB 8113	San Francisco	CA	94114	https://wefunder.com/
0001670254-23-000362	2			Teeccino I EB, a series of Wefunder SPV, LLC	Limited Liability Company		DE	21-DEC-2022	4104 24TH ST	PMB 8113	San Francisco	CA	94114	https://wefunder.com/
0001644600-23-000063	1			Ampere Technologies CF SPV, LLC	Limited Liability Company		DE	21-MAR-2023	8 THE GREEN SUITE A		DOVER	DE	1991	
0001670254-23-000356	2			Bud Love I EB, a series of Wefunder SPV, LLC	Limited Liability Company		DE	27-OCT-2022	4104 24TH ST	PMB 8113	San Francisco	CA	94114	https://wefunder.com/
0001670254-23-000361	1			Highline Wellness I, a series of Wefunder SPV, LLC	Limited Liability Company		DE	19-DEC-2022	4104 24TH ST	PMB 8113	San Francisco	CA	94114	https://wefunder.com/
0001670254-23-000359	1			Doughp II, a series of Wefunder SPV, LLC	Limited Liability Company		DE	14-APR-2023	4104 24TH ST	PMB 8113	San Francisco	CA	94114	https://wefunder.com/
0001670254-23-000359	2			Doughp II EB, a series of Wefunder SPV, LLC	Limited Liability Company		DE	14-APR-2023	4104 24TH ST	PMB 8113	San Francisco	CA	94114	https://wefunder.com/
0001670254-23-000357	1			Reef I, a series of Wefunder SPV, LLC	Limited Liability Company		DE	14-APR-2023	4104 24TH ST	PMB 8113	San Francisco	CA	94114	https://wefunder.com/
0001670254-23-000349	2			Tradefox II EB, a series of Wefunder SPV, LLC	Limited Liability Company		DE	13-APR-2023	4104 24TH ST	PMB 8113	San Francisco	CA	94114	https://wefunder.com/
0001670254-23-000349	1			Tradefox II, a series of Wefunder SPV, LLC	Limited Liability Company		DE	13-APR-2023	4104 24TH ST	PMB 8113	San Francisco	CA	94114	https://wefunder.com/
0001670254-23-000356	1			Bud Love I, a series of Wefunder SPV, LLC	Limited Liability Company		DE	27-OCT-2022	4104 24TH ST	PMB 8113	San Francisco	CA	94114	https://wefunder.com/
0001670254-23-000345	1			Keepers I, a series of Wefunder SPV, LLC	Limited Liability Company		DE	13-APR-2023	4104 24TH ST	PMB 8113	San Francisco	CA	94114	https://wefunder.com/
0001670254-23-000344	1			Swopblock II, a series of Wefunder SPV, LLC	Limited Liability Company		DE	18-JAN-2023	4104 24TH ST	PMB 8113	San Francisco	CA	94114	https://wefunder.com/
0001670254-23-000344	2			Swopblock II EB, a series of Wefunder SPV, LLC	Limited Liability Company		DE	18-JAN-2023	4104 24TH ST	PMB 8113	San Francisco	CA	94114	https://wefunder.com/
0001670254-23-000331	1			VitalFlo I, a series of Wefunder SPV, LLC	Limited Liability Company		DE	31-OCT-2022	4104 24TH ST	PMB 8113	San Francisco	CA	94114	https://wefunder.com/
0001670254-23-000329	1			Nodat I, a series of Wefunder SPV, LLC	Limited Liability Company		DE	11-APR-2023	4104 24TH ST	PMB 8113	San Francisco	CA	94114	https://wefunder.com/
0001670254-23-000329	2			Nodat I EB, a series of Wefunder SPV, LLC	Limited Liability Company		DE	11-APR-2023	4104 24TH ST	PMB 8113	San Francisco	CA	94114	https://wefunder.com/
0001670254-23-000328	1			TruKno I, a series of Wefunder SPV, LLC	Limited Liability Company		DE	09-FEB-2023	4104 24TH ST	PMB 8113	San Francisco	CA	94114	https://wefunder.com/
0001670254-23-000328	2			TruKno I EB, a series of Wefunder SPV, LLC	Limited Liability Company		DE	09-FEB-2023	4104 24TH ST	PMB 8113	San Francisco	CA	94114	https://wefunder.com/
0001670254-23-000325	1			BarGlance I, a series of Wefunder SPV, LLC	Limited Liability Company		DE	10-APR-2023	4104 24TH ST	PMB 8113	San Francisco	CA	94114	https://wefunder.com/
0001670254-23-000327	1			Black Sands Entertainment I, a series of Wefunder SPV, LLC	Limited Liability Company		DE	10-APR-2023	4104 24TH ST	PMB 8113	San Francisco	CA	94114	https://wefunder.com/
0001670254-23-000323	1			Invisible Foundry I, a series of Wefunder SPV, LLC	Limited Liability Company		DE	10-APR-2023	4104 24TH ST	PMB 8113	San Francisco	CA	94114	https://wefunder.com/
0001670254-23-000327	2			Black Sands Entertainment I EB, a series of Wefunder SPV, LLC	Limited Liability Company		DE	10-APR-2023	4104 24TH ST	PMB 8113	San Francisco	CA	94114	https://wefunder.com/
0001670254-23-000319	1			Blackbird Foods I, a series of Wefunder SPV, LLC	Limited Liability Company		DE	07-APR-2023	4104 24TH ST	PMB 8113	San Francisco	CA	94114	https://wefunder.com/
0001670254-23-000316	2			Margik I EB, a series of Wefunder SPV, LLC	Limited Liability Company		DE	07-APR-2023	4104 24TH ST	PMB 8113	San Francisco	CA	94114	https://wefunder.com/
0001670254-23-000316	1			Margik I, a series of Wefunder SPV, LLC	Limited Liability Company		DE	07-APR-2023	4104 24TH ST	PMB 8113	San Francisco	CA	94114	https://wefunder.com/
0001670254-23-000310	1			Aptdeco I, a series of Wefunder SPV, LLC	Limited Liability Company		DE	07-APR-2023	4104 24TH ST	PMB 8113	San Francisco	CA	94114	https://wefunder.com/
0001670254-23-000308	1			Argo  I, a series of Wefunder SPV, LLC	Limited Liability Company		DE	06-APR-2023	4104 24TH ST	PMB 8113	San Francisco	CA	94114	https://wefunder.com/
0001670254-23-000308	2			Argo  I EB, a series of Wefunder SPV, LLC	Limited Liability Company		DE	06-APR-2023	4104 24TH ST	PMB 8113	San Francisco	CA	94114	https://wefunder.com/
0001670254-23-000303	1			Tech snd Flow I, a series of Wefunder SPV, LLC	Limited Liability Company		DE	06-APR-2023	4104 24TH ST	PMB 8113	San Francisco	CA	94114	https://wefunder.com/
0001670254-23-000303	2			Tech snd Flow I EB, a series of Wefunder SPV, LLC	Limited Liability Company		DE	06-APR-2023	4104 24TH ST	PMB 8113	San Francisco	CA	94114	https://wefunder.com/
0001670254-23-000305	2			Lookyloo  I EB, a series of Wefunder SPV, LLC	Limited Liability Company		DE	06-APR-2023	4104 24TH ST	PMB 8113	San Francisco	CA	94114	https://wefunder.com/
0001670254-23-000307	1			Lookyloo  I, a series of Wefunder SPV, LLC	Limited Liability Company		DE	06-APR-2023	4104 24TH ST	PMB 8113	San Francisco	CA	94114	https://wefunder.com/
0001670254-23-000307	2			Lookyloo  I EB, a series of Wefunder SPV, LLC	Limited Liability Company		DE	06-APR-2023	4104 24TH ST	PMB 8113	San Francisco	CA	94114	https://wefunder.com/
0001670254-23-000301	1			Dokkaebier II, a series of Wefunder SPV, LLC	Limited Liability Company		DE	25-JAN-2023	4104 24TH ST	PMB 8113	San Francisco	CA	94114	https://wefunder.com/
0001670254-23-000299	2			Mav Farm I EB, a series of Wefunder SPV, LLC	Limited Liability Company		DE	06-APR-2023	4104 24TH ST	PMB 8113	San Francisco	CA	94114	https://wefunder.com/
0001670254-23-000299	1			Mav Farm I, a series of Wefunder SPV, LLC	Limited Liability Company		DE	06-APR-2023	4104 24TH ST	PMB 8113	San Francisco	CA	94114	https://wefunder.com/
0001670254-23-000305	1			Lookyloo  I, a series of Wefunder SPV, LLC	Limited Liability Company		DE	06-APR-2023	4104 24TH ST	PMB 8113	San Francisco	CA	94114	https://wefunder.com/
0001670254-23-000297	1			Substack I, a series of Wefunder SPV, LLC	Limited Liability Company		DE	06-APR-2023	4104 24TH ST	PMB 8113	San Francisco	CA	94114	https://wefunder.com/
0001670254-23-000296	2			Beyond Imagination I EB, a series of Wefunder SPV, LLC	Limited Liability Company		DE	10-FEB-2023	4104 24TH ST	PMB 8113	San Francisco	CA	94114	https://wefunder.com/
0001670254-23-000296	1			Beyond Imagination I, a series of Wefunder SPV, LLC	Limited Liability Company		DE	10-FEB-2023	4104 24TH ST	PMB 8113	San Francisco	CA	94114	https://wefunder.com/
0001670254-23-000294	1			Links Golf Cafe I, a series of Wefunder SPV, LLC	Limited Liability Company		DE	20-DEC-2022	4104 24TH ST	PMB 8113	San Francisco	CA	94114	https://wefunder.com/
0001670254-23-000294	2			Links Golf Cafe I EB, a series of Wefunder SPV, LLC	Limited Liability Company		DE	20-DEC-2022	4104 24TH ST	PMB 8113	San Francisco	CA	94114	https://wefunder.com/
0001670254-23-000292	1			Native I, a series of Wefunder SPV, LLC	Limited Liability Company		DE	04-APR-2023	4104 24TH ST	PMB 8113	San Francisco	CA	94114	https://wefunder.com/
0001670254-23-000295	2			Expert DOJO II EB, a series of Wefunder SPV, LLC	Limited Liability Company		DE	04-APR-2023	4104 24TH ST	PMB 8113	San Francisco	CA	94114	https://wefunder.com/
0001670254-23-000295	1			Expert DOJO II, a series of Wefunder SPV, LLC	Limited Liability Company		DE	04-APR-2023	4104 24TH ST	PMB 8113	San Francisco	CA	94114	https://wefunder.com/
0001644600-23-000056	1			Virtuix Series B CF SPV, LLC	Limited Liability Company		DE	03-MAR-2023	1826 Kramer Lane STE H		Austin	TX	78758	https://www.virtuix.com/
0001670254-23-000286	2			Lover I EB, a series of Wefunder SPV, LLC	Limited Liability Company		DE	03-APR-2023	4104 24TH ST	PMB 8113	San Francisco	CA	94114	https://wefunder.com/
0001670254-23-000287	2			Vero Building Systems I EB, a series of Wefunder SPV, LLC	Limited Liability Company		DE	31-MAR-2023	4104 24TH ST	PMB 8113	San Francisco	CA	94114	https://wefunder.com/
0001670254-23-000289	2			Snapify I EB, a series of Wefunder SPV, LLC	Limited Liability Company		DE	03-APR-2023	4104 24TH ST	PMB 8113	San Francisco	CA	94114	https://wefunder.com/
0001670254-23-000287	1			Vero Building Systems I, a series of Wefunder SPV, LLC	Limited Liability Company		DE	31-MAR-2023	4104 24TH ST	PMB 8113	San Francisco	CA	94114	https://wefunder.com/
0001670254-23-000286	1			Lover I, a series of Wefunder SPV, LLC	Limited Liability Company		DE	03-APR-2023	4104 24TH ST	PMB 8113	San Francisco	CA	94114	https://wefunder.com/
0001670254-23-000289	1			Snapify I, a series of Wefunder SPV, LLC	Limited Liability Company		DE	03-APR-2023	4104 24TH ST	PMB 8113	San Francisco	CA	94114	https://wefunder.com/
0001670254-23-000285	2			Daniel House Club I EB, a series of Wefunder SPV, LLC	Limited Liability Company		DE	10-FEB-2023	4104 24TH ST	PMB 8113	San Francisco	CA	94114	https://wefunder.com/
0001670254-23-000285	1			Daniel House Club I, a series of Wefunder SPV, LLC	Limited Liability Company		DE	10-FEB-2023	4104 24TH ST	PMB 8113	San Francisco	CA	94114	https://wefunder.com/
0001670254-23-000276	2			Hive Social I EB, a series of Wefunder SPV, LLC	Limited Liability Company		DE	22-MAR-2023	4104 24TH ST	PMB 8113	San Francisco	CA	94114	https://wefunder.com/
0001670254-23-000283	2			Team Wildfire I EB, a series of Wefunder SPV, LLC	Limited Liability Company		DE	31-MAR-2023	4104 24TH ST	PMB 8113	San Francisco	CA	94114	https://wefunder.com/
0001670254-23-000279	1			Kingpool I, a series of Wefunder SPV, LLC	Limited Liability Company		DE	31-MAR-2023	4104 24TH ST	PMB 8113	San Francisco	CA	94114	https://wefunder.com/
0001670254-23-000279	2			Kingpool I EB, a series of Wefunder SPV, LLC	Limited Liability Company		DE	31-MAR-2023	4104 24TH ST	PMB 8113	San Francisco	CA	94114	https://wefunder.com/
0001670254-23-000281	1			End Spam I, a series of Wefunder SPV, LLC	Limited Liability Company		DE	31-MAR-2023	4104 24TH ST	PMB 8113	San Francisco	CA	94114	https://wefunder.com/
0001670254-23-000283	1			Team Wildfire I, a series of Wefunder SPV, LLC	Limited Liability Company		DE	31-MAR-2023	4104 24TH ST	PMB 8113	San Francisco	CA	94114	https://wefunder.com/
0001670254-23-000276	1			Hive Social I, a series of Wefunder SPV, LLC	Limited Liability Company		DE	22-MAR-2023	4104 24TH ST	PMB 8113	San Francisco	CA	94114	https://wefunder.com/
0001670254-23-000274	1			Onekin I, a series of Wefunder SPV, LLC	Limited Liability Company		DE	31-MAR-2023	4104 24TH ST	PMB 8113	San Francisco	CA	94114	https://wefunder.com/
0001670254-23-000278	1			Tucson Tamale Company II, a series of Wefunder SPV, LLC	Limited Liability Company		DE	31-MAR-2023	4104 24TH ST	PMB 8113	San Francisco	CA	94114	https://wefunder.com/
