ACCESSION_NUMBER	ID	PERSONSIGNATURE	PERSONTITLE	SIGNATUREDATE
0001746059-20-000099	1	Charles Webber	Owner and Founder	2020-03-31
0001665160-20-000288	1	Dawn Dickson	CEO, Principal Executive Officer and Director, Principal Financial Officer and Principal Accounting Officer	2020-03-31
0001796828-20-000003	1	Christopher Senegal	President/CEO	2020-03-31
0001807883-20-000001	1	Kevin Jackey	Managing Partner	2020-03-31
0001665160-20-000285	2	Sankalpa Dashrath	Secretary and Non-Executive Director	2020-03-31
0001665160-20-000285	1	Koustubh Parulekar	CEO, Principal Executive Officer and Director, President, Principal Financial Officer and Principal Accounting Officer	2020-03-31
0001665160-20-000283	1	Keith F. Duffy	CEO, Principal Executive Officer and Manager, Principal Financial Officer and Principal Accounting Officer	2020-03-31
0001783580-20-000005	2	Guillaume Torche	Chief Technology Officer, Director	2020-03-31
0001783580-20-000005	1	Alex Wang	Chief Executive Officer, Director	2020-03-31
0001783580-20-000005	3	Mario Lazaro	Chief Information Officer, Directory	2020-03-31
0001746059-20-000097	2	Michael Dial	Owner and CoFounder	2020-03-31
0001746059-20-000097	1	Christopher Dial	Owner and CoFounder	2020-03-31
0001670254-20-000218	4	Howard Shyng	Co-Founder & President	2020-03-05
0001670254-20-000218	3	Ting Zhu	Vice President	2020-03-05
0001670254-20-000218	2	Anthony Testa	Director	2020-03-28
0001670254-20-000218	1	Patricia Swenton-Wall	Director	2020-03-28
0001807812-20-000001	1	Amie Garcia	Co-Owner	2020-03-30
0001769091-20-000002	2	Ryan Queen	Vice President of Sales and Finance, Treasurer, Director	2020-03-30
0001769091-20-000002	1	Chris Bernard	CEO, Director and Chairman of the Board	2020-03-30
0001769091-20-000002	3	Brittany Boeckle	Vice President of Production, Secretary, Director	2020-03-30
0001769091-20-000001	3	Chris Palmisano	Chief Revenue Officer, Chief Operating Officer	2020-03-30
0001769091-20-000001	2	Chris Palmisano	Chief Revenue Officer, Chief Operating Officer	2020-03-30
0001769091-20-000001	1	Todayashi Henry Yoshida	Director, Chief Executive Officer	2020-03-30
0001745548-20-000001	2	Michael Kim	Co-founder & COO	2020-03-30
0001745548-20-000001	1	Theodore Lee	Co-founder & CEO	2020-03-30
0001665160-20-000282	1	Andrew Yakub	CEO, Principal Executive Officer and Director, Principal Financial Officer and Principal Accounting Officer	2020-03-30
0001778787-20-000001	1	David Heimbuch	Founder / CEO	2020-03-26
0001665160-20-000280	1	Dawn Dickson	CEO, Principal Executive Officer and Director, Principal Financial Officer and Principal Accounting Officer	2020-03-30
0001665160-20-000278	1	J. Thomas Graham	CEO, Principal Executive Officer and Director, Principal Financial Officer and Principal Accounting Officer	2020-03-30
0001807941-20-000001	1	Mary Jayne McCullough	Owner	2020-03-30
0001807984-20-000004	1	Elijah Calderon Morin	CEO, Director	2020-03-30
0001807984-20-000003	1	Elijah Calderon Morin	CEO, Director	2020-03-30
0001213900-20-007809	1	/s/ William Zanker	Chief Executive Officer, President and Chairman	2020-03-30
0001213900-20-007809	2	/s/ Christopher Murray	Chief Operating Officer and Director	2020-03-30
0001213900-20-007809	3	/s/ Samantha Delcanto	Director of Retail and Director	2020-03-30
0001807742-20-000003	2	Ganesh Nallapareddy	Chief Executing Officer	2020-03-27
0001807742-20-000003	1	Visweswara R Kottapalli	PRESIDENT	2020-03-27
0001807742-20-000002	2	Ganesh Nallapareddy	Chief Executive Officer	2020-03-27
0001807742-20-000002	1	Visweswara Kottapalli	President	2020-03-27
0001746059-20-000095	1	Sean Goddard	Owner and Manager	2020-03-27
0001807742-20-000001	2	Ganesh Nallapareddy	Chief Executing Officer	2020-03-27
0001807742-20-000001	1	Visweswara R Kottapalli	PRESIDENT	2020-03-27
0001670254-20-000215	3	Philip Michael	Founder, NYCE	2020-03-27
0001670254-20-000215	2	Dmitriy Ishimbayev	Board Member	2020-03-27
0001670254-20-000215	1	Philip Michael	Founder, NYCE	2020-03-27
0001772684-20-000004	1	Elijah Calderon Morin	CEO, Director	2020-03-27
0001746059-20-000096	1	Mike Pirtle	Owner and CoFounder	2020-03-27
0001746059-20-000096	2	La-Tisha Pirtle	Owner and CoFounder	2020-03-27
0001665160-20-000276	3	Dan Coffman	Chairman of the Board	2020-03-27
0001665160-20-000276	2	Tom Kraatz	Principal Financial Officer and Principal Accounting Officer	2020-03-27
0001665160-20-000276	1	Harry R. Kraatz	CEO, Principal Executive Officer and Director	2020-03-27
0001669191-20-000146	1	Kenny Gallagher	Principal Executive Officer	2020-03-27
0001669191-20-000146	5	Kenny Gallagher	Board Member	2020-03-27
0001669191-20-000146	4	Karl Doenges	Board Member	2020-03-27
0001669191-20-000146	3	Kenny Gallagher	Principal Accounting Officer	2020-03-27
0001669191-20-000146	2	Kenny Gallagher	Principal Financial Officer	2020-03-27
0001669191-20-000144	2	Claude Harris	Principal Financial Officer	2020-03-27
0001669191-20-000144	1	Claude Harris	Principal Executive Officer	2020-03-27
0001669191-20-000144	4	Claude Harris	Board Member	2020-03-27
0001669191-20-000144	3	Claude Harris	Principal Accounting Officer	2020-03-27
0001806520-20-000001	1	Ian N Herrington	Owner	2020-03-27
0001803497-20-000003	1	Enrique Pallares	Co-Owner	2020-03-27
0001803497-20-000002	1	Lauren McMillen	Owner	2020-03-27
0001665160-20-000274	1	Mark Lyle	CEO, Principal Executive Officer and Director, Principal Financial Officer and Principal Accounting Officer	2020-03-27
0001669191-20-000142	2	James Harris	Principal Financial Officer	2020-03-27
0001669191-20-000142	7	Thomas Humphries	Board Member	2020-03-27
0001669191-20-000142	6	Bob Oliver	Board Member	2020-03-27
0001669191-20-000142	3	James Harris	Principal Accounting Officer	2020-03-27
0001669191-20-000142	1	Nikolaos Tezapsidis	Principal Executive Officer	2020-03-27
0001669191-20-000142	5	James Harris	Board Member	2020-03-27
0001669191-20-000142	4	Nikolaos Tezapsidis	Board Member	2020-03-27
0001669191-20-000142	8	George Perry	Board Member	2020-03-27
0001669191-20-000141	1	Lawrence Charles	Principal Executive Officer	2020-03-27
0001669191-20-000141	3	Lawrence Charles	Principal Accounting Officer	2020-03-27
0001669191-20-000141	4	Lawrence Charles	Board Member	2020-03-27
0001669191-20-000141	5	Scott Huthmacher	Board Member	2020-03-27
0001669191-20-000141	2	Lawrence Charles	Principal Financial Officer	2020-03-27
0001666102-20-000011	1	S. Dohrmann	CEO	2020-03-27
0001803581-20-000002	4	Himanshu Shah	CTO	2020-03-27
0001803581-20-000002	3	Ravi Kurani	Co-Founder & CPO	2020-03-27
0001803581-20-000002	2	Colin Barceloux	Co-Founder & CMO	2020-03-27
0001803581-20-000002	1	Chadwick Manning	Co-Founder & CEO	2020-03-27
0001772684-20-000001	1	Eli Calderon Morin	Chief Executive Officer	2020-03-27
0001708246-20-000004	1	Simina Farcasiu	CFO	2020-03-26
0001670254-20-000213	2	Abbas Bayat	Founder, CEO	2020-03-13
0001670254-20-000208	1	David Shahan	Founder / CEO	2020-03-23
0001670254-20-000209	1	David Shahan	Founder / CEO	2020-03-23
0001708246-20-000004	2	Andrei Evulet	CTO and President	2020-03-26
0001708246-20-000004	3	Denis Dancanet	CEO	2020-03-26
0001670254-20-000205	1	Alex Bayer	CEO/Founder	2020-03-12
0001670254-20-000213	1	Amir Alemzadeh	Board member	2020-03-17
0001725245-20-000001	1	/s/Herpreet Walia	CEO, President and Director	2020-03-26
0001784191-20-000001	1	Justin Potts	Director	2020-03-26
0001784191-20-000001	2	Timothy Sheridan	Director	2020-03-26
0001317687-20-000002	1	Aleksey Feldman	CEO	2020-03-26
0001777274-20-000005	1	/s/ Jaeson Bang	CEO / Founder	2020-03-26
0001665160-20-000273	1	Scott Bahneman	CEO, Principal Executive Officer and Director, Principal Financial Officer and Principal Accounting Officer	2020-03-26
0001665160-20-000272	1	Brad Malin	CEO, Principal Executive Officer and Director, Principal Financial Officer and Principal Accounting Officer	2020-03-26
0001805103-20-000002	1	Debra Driggers	Co-Owner	2020-03-26
0001746059-20-000093	1	Paul Howlett	Owner and Founder	2020-03-25
0001779318-20-000003	1	Pierre Laguerre	Founder & CEO	2020-03-25
0001746059-20-000092	1	Sheila Coons	Owner and CoFounder	2020-03-25
0001806281-20-000002	1	Dan Gladis	Co-Owner	2020-03-25
0001746059-20-000090	1	Christopher Tobiens	Owner and Founder	2020-03-25
0001799600-20-000003	1	Nicolas Botti Salici	CEO	2020-03-25
0001668287-20-000009	1	Curtis Claar	CEO	2020-03-25
0001668287-20-000008	1	Jay Bennett	CEO	2020-03-25
0001668287-20-000007	1	Kent Simpkins	CEO	2020-03-25
0001668287-20-000006	1	Davy Hobson	President	2020-03-25
0001668287-20-000005	1	Joy Cruz	CEO	2020-03-25
0001668287-20-000004	1	Bill Benson	CEO	2020-03-25
0001213900-20-007323	1	/s/ William Zanker	Chief Executive Officer, President and Chairman	2020-03-25
0001213900-20-007323	2	/s/ Christopher Murray	Chief Operating Officer and Director	2020-03-25
0001213900-20-007323	3	/s/ Samantha Delcanto	Director of Retail and Director	2020-03-25
0001791223-20-000002	1	/s/ Tim Matus	Chief Executive Officer/President	2020-03-25
0001791223-20-000002	2	/s/ Jeff Dayov	Chief Financial Officer, Finance Committee	2020-03-25
0001730486-20-000003	1	/s/ Marc Schrobilgen	Chief Executive Officer	2020-03-25
0001669191-20-000138	1	Nathan Pinto	Principal Executive Officer	2020-03-25
0001669191-20-000138	5	Nathan Pinto	Board Member	2020-03-25
0001669191-20-000138	3	Nathan Pinto	Principal Accounting Officer	2020-03-25
0001669191-20-000138	2	Nathan Pinto	Principal Financial Officer	2020-03-25
0001669191-20-000138	6	Brad Woy	Board Member	2020-03-25
0001669191-20-000138	4	Frank  Santoni	Board Member	2020-03-25
0001666102-20-000010	1	Shad Morris	Chief Executive Officer	2020-03-13
0001666102-20-000009	1	Ryan Spelts	Director and Owner	2020-03-17
0001666102-20-000008	1	Nick Saifan Jr.	President	2020-03-19
0001785236-20-000001	2	Moul Kim	Member	2020-03-04
0001785236-20-000001	4	Clinton Oh	Member	2020-03-04
0001665160-20-000271	1	Justin Shelby	CEO, Principal Executive Officer and Manager, Principal Financial Officer and Principal Accounting Officer	2020-03-24
0001785236-20-000001	3	Lawrence Wai	Member	2020-03-04
0001785236-20-000001	1	Jason Cho	Member	2020-03-04
0001785236-20-000001	5	Michael Chen	Member	2020-03-04
0001746059-20-000089	1	Coco Cabuquit-Love	Owner and Founder	2020-03-24
0001669191-20-000132	1	Thor Wood	Principal Executive Officer	2020-03-24
0001669191-20-000132	5	Mark Prifogle	Board Member	2020-03-24
0001669191-20-000132	4	Thor Wood	Board Member	2020-03-24
0001669191-20-000132	3	Stephanie Corliss	Principal Accounting Officer	2020-03-24
0001669191-20-000132	2	Stephanie Corliss	Principal Financial Officer	2020-03-24
0001719575-20-000001	1	/s/ Henry Finkelstein	CEO	2019-06-14
0001665160-20-000270	3	Anne Kania	Executive Vice President, Director, Treasurer, Principal Accounting Officer, and Principal Financial Officer	2020-03-24
0001665160-20-000270	1	Bruce Kania	Chief Executive Officer, Principal Executive Officer, Director	2020-03-24
0001665160-20-000270	2	Alicia Pettys	Director	2020-03-24
0001788657-20-000002	1	Eric Darst	CEO	2020-03-24
0001670254-20-000202	2	Jeffrey Schvimer	Chief Financial Officer	2020-03-20
0001670254-20-000202	1	Sajal Sahay	CEO	2020-03-21
0001670254-20-000202	3	Asheesh Barman	Co-Founder, President, & COO	2020-03-20
0001778006-20-000001	1	Michael Peterson	Managing member	2020-03-23
0001722137-20-000002	1	Ezra Goldman	Chief Executive Officer, President and Director	2020-03-23
0001665160-20-000269	1	David Obasiolu	CEO, Principal Executive Officer and Director, Principal Financial Officer and Principal Accounting Officer	2020-03-23
0001213900-20-007152	2	/s/ Christopher Murray	Chief Operating Officer and Director	2020-03-23
0001213900-20-007152	1	/s/ William Zanker	Chief Executive Officer, President and Chairman	2020-03-23
0001213900-20-007152	3	/s/ Samantha Delcanto	Director of Retail and Director	2020-03-23
0001799600-20-000001	1	Nicolas Botti Salici	CEO	2020-03-23
0001736388-20-000003	2	/s/Petra Wood	Director, Chief Operating Officer, Vice President, Secretary	2020-03-23
0001736388-20-000003	1	/s/Paul Sieradzki	Director, President, CEO, Treasurer	2020-03-23
0001746059-20-000087	1	Courtney Webb	Owner and Founder	2020-03-23
0001665160-20-000267	1	Dele Atanda	CEO, Principal Executive Officer and Director, Principal Financial Officer and Principal Accounting Officer	2020-03-23
0001665160-20-000266	1	Sunil Malhotra	CEO, Principal Executive Officer and Director, Principal Financial Officer and Principal Accounting Officer	2020-03-22
0001665160-20-000264	1	Eric Ralls	CEO, Principal Executive Officer and Director, Principal Financial Officer and Principal Accounting Officer	2020-03-23
0001669191-20-000130	1	Benjamin White	Principal Executive Officer	2020-03-23
0001669191-20-000130	4	Benjamin White	Board Member	2020-03-23
0001669191-20-000130	3	Benjamin White	Principal Accounting Officer	2020-03-23
0001669191-20-000130	2	Benjamin White	Principal Financial Officer	2020-03-23
0001746059-20-000086	1	Zulema Mejia	Owner and Founder	2020-03-23
0001805075-20-000002	1	Adrian Scheeren	Co-Owner	2020-03-23
0001670254-20-000200	3	Trevor Pettennude	Board Member	2020-03-19
0001669191-20-000127	4	Lonnie Johnson	Board Member	2020-03-20
0001665160-20-000262	1	Mark Daniel Farb	CEO, Principal Executive Officer and Director, Principal Financial Officer and Principal Accounting Officer	2020-03-20
0001669191-20-000127	3	Brian Spangle	Principal Accounting Officer	2020-03-20
0001669191-20-000127	1	Lonnie Johnson	Principal Executive Officer	2020-03-20
0001670254-20-000200	4	John H DAVIS	CEO	2020-03-19
0001669191-20-000127	5	Brian Spangle	Board Member	2020-03-20
0001669191-20-000127	6	Julianna  Smoot	Board Member	2020-03-20
0001670254-20-000200	2	Mark T. Lynn	Board Member	2020-03-19
0001670254-20-000200	1	Reid William Yeoman	CFO	2020-03-19
0001669191-20-000127	2	Julianna  Smoot	Principal Financial Officer	2020-03-20
0001805743-20-000002	1	/s/ Joseph Keenan Smith	Founder, CEO	2020-03-20
0001793868-20-000002	1	Nicholas Weiss	Co-Owner	2020-03-20
0001746059-20-000085	1	Rasheeda Wallace	Owner and Founder	2020-03-20
0001665160-20-000260	1	Brandon Ganske	CEO, Principal Executive Officer and Director, Principal Financial Officer and Principal Accounting Officer	2020-03-20
0001568609-20-000002	1	Jennifer Williams	CEO	2020-03-20
0001746059-20-000084	1	Jonathan Gilman	Co-founder	2020-03-20
0001796110-20-000006	1	Cherie Williams	Manager/CEO	2020-02-26
0001665160-20-000258	1	Brian Munoz	CEO, Principal Executive Officer and Director, Principal Financial Officer and Principal Accounting Officer	2020-03-19
0001665160-20-000256	2	Tyler Smith	Vice President	2020-03-19
0001665160-20-000256	1	Ryan Pirkle	CEO, Principal Executive Officer and Director, Principal Financial Officer and Principal Accounting Officer	2020-03-19
0001665160-20-000255	3	Gabriele Colombo	Secretary	2020-03-19
0001665160-20-000255	2	Angelo D'Anzi	CTO	2020-03-19
0001665160-20-000255	1	Carlo Brovero	CEO, President, Chief Executive Officer, Treasurer, Principal Financial Officer and Principal Accounting Officer	2020-03-19
0001665160-20-000254	1	Reza Khademi	CEO, Principal Executive Officer and Director, Principal Financial Officer and Principal Accounting Officer	2020-03-19
0001665160-20-000253	1	Max Weissberg	CEO, Principal Executive Officer and Manager, Principal Financial Officer and Principal Accounting Officer	2020-03-19
0001665160-20-000251	1	Brandon Ganske	CEO, Principal Executive Officer and Director, Principal Financial Officer and Principal Accounting Officer	2020-03-19
0001213900-20-006826	1	William Zanker	Chief Executive Officer, Principal Executive Officer and Manager	2020-03-18
0001213900-20-006826	3	Samantha Delcanto	Manager	2020-03-18
0001213900-20-006826	2	Christopher Murray	Chief Financial Officer, Principal Accounting Officer and Manager	2020-03-18
0001670254-20-000193	1	Nathan Karsten	Director	2020-03-18
0001670254-20-000193	2	Paul T. Vander Kuyl	CEO	2020-03-18
0001805525-20-000002	1	/s/ Sajil Koroth	Chief Executive Officer	2020-03-18
0001745321-20-000002	1	Ryan Cullins	CEO	2020-01-01
0001670254-20-000193	3	Taylor Blom	Co-Founder & CRO	2020-03-18
0001689683-20-000002	1	/s/ Chris Fontenot	CEO/Founder	2020-03-18
0001746059-20-000083	1	Javier Solis	Manager	2020-03-18
0001749621-20-000002	1	Candice Schibli	Sole Member	2020-03-18
0001783556-20-000003	1	Cary Grossman	President	2020-03-18
0001799343-20-000002	1	Joshua Ingraham	Owner	2020-03-18
0001752964-20-000004	1	Samuel W. Bogoch	CEO, Director	2020-03-18
0001783556-20-000001	1	Terry Jones	Chief Executive Officer	2020-03-13
0001798279-20-000001	1	/s/ Alexander Mountjoy	Chief Executive Officer	2020-03-18
0001669191-20-000124	6	NaShara  Mitchell	Board Member	2020-03-18
0001669191-20-000124	7	Kelli  Jones	Board Member	2020-03-18
0001669191-20-000124	5	LaToya Johnson	Board Member	2020-03-18
0001669191-20-000124	4	Lisa  Scott	Board Member	2020-03-18
0001669191-20-000124	2	LaToya Johnson	Principal Financial Officer	2020-03-18
0001669191-20-000124	1	LaToya Johnson	Principal Executive Officer	2020-03-18
0001669191-20-000124	3	LaToya Johnson	Principal Accounting Officer	2020-03-18
0001665160-20-000248	1	Petra Wood	Director; Vice President; Head of Growth; Chief Operating Officer; Secretary of R3 Printing, Inc.	2020-03-17
0001780439-20-000011	3	Phillip Andrew Stark	Director, Managing Partner	2020-03-16
0001780439-20-000011	2	Nathan Michael Rizzi	Director, Managing Partner	2020-03-13
0001780439-20-000011	1	Donald Michael Rizzi	Director, Managing Partner	2020-03-10
0001665160-20-000246	1	Wayne Allyn Root	CEO, Principal Executive Officer and Director, Principal Financial Officer and Principal Accounting Officer	2020-03-17
0001665160-20-000244	1	Robert LaBelle	CEO, Principal Executive Officer and Director	2020-03-17
0001665160-20-000244	2	Andrew Woglom	Principal Financial Officer and Principal Accounting Officer	2020-03-17
0001665160-20-000242	1	John Chappell	CEO, Principal Executive Officer and Director, Principal Financial Officer and Principal Accounting Officer	2020-03-16
0001665160-20-000243	1	Kelly Roman	CEO, Principal Executive Officer and Director	2020-03-16
0001665160-20-000241	1	Brody Shemansky	CEO, Principal Executive Officer and Director, Principal Financial Officer and Principal Accounting Officer	2020-03-16
0001665160-20-000242	2	Javier Martinez	Director	2020-03-16
0001777204-20-000001	1	Siqi Mou	Chief Executive Officer and sole Director	2020-03-16
0001665160-20-000243	2	Charles Fisher	Principal Financial Officer, Principal Accounting Officer and Director	2020-03-16
0001665160-20-000240	1	Kyle Flanagan	CEO, Principal Executive Officer and Director, Principal Financial Officer and Principal Accounting Officer	2020-03-16
0001780439-20-000010	9	Suzanne Marie Bearry	Director, EVP Channel Partners	2020-03-13
0001780439-20-000010	8	Munir Ramzam Valiani	Director, CFO	2020-03-13
0001780439-20-000010	7	Matthew James Offers	Director, EVP of Products	2020-03-13
0001780439-20-000010	1	Curtis Richard Wood	Owner, Director, CEO	2020-03-13
0001780439-20-000010	5	Holly Kathleen Davis	Director, CTO	2020-03-13
0001780439-20-000010	4	Dwight Andrew Skyers	Director, EVP	2020-03-13
0001780439-20-000010	3	David Charles Braun	Director, General Counsel	2020-03-13
0001780439-20-000010	2	Cynthia Maylon Wood	Owner, Director, COO	2020-03-13
0001780439-20-000010	10	Carlton Lamar Robinson	Director, Board Member	2020-03-13
0001780439-20-000010	6	Kristin Marie Scheurer	Director, CMO	2020-03-13
0001669191-20-000122	3	MICHAEL GABRIEL	Principal Accounting Officer	2020-03-16
0001669191-20-000122	4	MICHAEL GABRIEL	Board Member	2020-03-16
0001669191-20-000122	2	MICHAEL GABRIEL	Principal Financial Officer	2020-03-16
0001669191-20-000122	1	MICHAEL GABRIEL	Principal Executive Officer	2020-03-16
0001669191-20-000120	6	Brad  Nemire	Board Member	2020-03-16
0001669191-20-000120	5	John Rigoli	Board Member	2020-03-16
0001669191-20-000120	4	Ruth Nemire	Board Member	2020-03-16
0001669191-20-000120	3	Ruth Nemire	Principal Accounting Officer	2020-03-16
0001669191-20-000120	2	John Rigoli	Principal Financial Officer	2020-03-16
0001669191-20-000120	1	Ruth Nemire	Principal Executive Officer	2020-03-16
0001669191-20-000118	3	Pierre  Rogers	Board Member	2020-03-16
0001669191-20-000118	2	Jonathan Cooper	Board Member	2020-03-16
0001669191-20-000118	1	Pierre  Rogers	Principal Executive Officer	2020-03-16
0001669191-20-000116	3	Christopher Lustrino	Principal Accounting Officer	2020-03-16
0001669191-20-000116	4	Christopher Lustrino	Board Member	2020-03-16
0001669191-20-000116	2	Christopher Lustrino	Principal Financial Officer	2020-03-16
0001669191-20-000116	1	Christopher Lustrino	Principal Executive Officer	2020-03-16
0001665160-20-000239	1	Patrick Sherwin	CEO, Principal Executive Officer and Director, Principal Financial Officer and Principal Accounting Officer	2020-03-16
0001665160-20-000237	1	MerchantCass Advisors, LLC	President, Principal Executive Officer, and COO	2020-03-13
0001665160-20-000237	2	Nancy Cass	Director	2020-03-13
0001665160-20-000237	3	Cheryl H. Baker	Director, Principal Accounting Officer, and Controller	2020-03-13
0001670254-20-000189	1	Courtney Sanchez	COO, Vimeo	2020-03-13
0001752964-20-000003	1	/s/ Samuel W. Bogoch	CEO, Director	2020-03-13
0001746059-20-000082	1	Louisa Green	Owner and Founder	2020-03-13
0001670254-20-000189	2	Max Haot	Founder & CEO	2020-03-12
0001665160-20-000237	4	Aslam S Merchant	Chairman of the Board	2020-03-13
0001805081-20-000001	1	Michael Counts	Founder and Managing Member	2020-03-13
0001805081-20-000001	2	Sara Ellis	Founder, CEO, and Managing Member	2020-03-13
0001665160-20-000233	1	Steven Naremore	CEO, Principal Executive Officer and Director, Principal Financial Officer and Principal Accounting Officer	2020-03-13
0001665160-20-000231	1	Aja Atwood	CEO, Principal Executive Officer and Manager, Principal Financial Officer and Principal Accounting Officer	2020-03-13
0001670254-20-000184	3	Jamila Arapovic	Senior Financial Advisor	2020-03-11
0001670254-20-000184	1	Thomas Seidel	Marketing Director	2020-03-12
0001670254-20-000184	2	Shawn Hussein Usmani	CTO	2020-03-11
0001670254-20-000184	4	Alex Kabir	CEO	2020-03-11
0001752964-20-000001	1	/s/ Samuel W. Bogoch	CEO, Director	2020-03-13
0001665160-20-000230	1	Matt Eau Claire	CEO, Principal Executive Officer and Director, Principal Financial Officer and Principal Accounting Officer	2020-03-13
0001665160-20-000225	1	Bruno Albouze	CEO, Principal Executive Officer and Director, Principal Financial Officer and Principal Accounting Officer	2020-03-13
0001749621-20-000001	1	Candice Schibli	Sole Member	2020-03-11
0001104659-20-032595	1	/s/ Howard Marks	Chief Executive Officer, Chief Financial Officer, Chief Accounting Officer and Director	2020-03-12
0001104659-20-032595	2	/s/ Ronald Miller	Director and Chairman	2020-03-12
0001665160-20-000223	1	Reza Khademi	CEO, Principal Executive Officer and Director, Principal Financial Officer and Principal Accounting Officer	2020-03-12
0001665160-20-000222	1	Diana Sabacinski	CEO, Principal Executive Officer and Director, Principal Financial Officer and Principal Accounting Officer	2020-03-12
0001746059-20-000081	1	Michael Arrington	Owner and Founder	2020-03-12
0001746059-20-000079	1	Matthew Lillibridge	Manager	2020-03-12
0001746059-20-000077	1	Eric Sheffield	Manager	2020-03-12
0001764730-20-000001	2	Ryan Quiros	CFO	2020-03-12
0001764730-20-000001	1	Desi Saran	CEO, Manager	2020-03-12
0001746059-20-000075	1	Michelle Itzkowitz	Owner and Founder	2020-03-12
0001803581-20-000001	2	Colin Barceloux	Co-Founder & CMO	2020-03-12
0001803581-20-000001	1	Chadwick Manning	Co-Founder & CEO	2020-03-12
0001803581-20-000001	3	Ravi Kurani	Co-Founder & CPO	2020-03-12
0001803581-20-000001	4	Himanshu Shah	CTO	2020-03-12
0001666102-20-000006	1	Nathan Jenkins	CEO	2020-03-12
0001665160-20-000220	1	Stanley Kim	CEO, Principal Executive Officer and Director	2020-03-12
0001665160-20-000220	2	Andrew Albertson	CFO, Principal Financial Officer and Principal Accounting Officer	2020-03-12
0001665160-20-000220	3	Paul Fernyhough	Director	2020-03-12
0001746059-20-000074	2	Alexander Corona	Co-founder	2020-03-12
0001746059-20-000074	1	Jonathan Gilman	Co-founder	2020-03-12
0001670254-20-000181	2	Kelly Sperry	Founder	2020-03-03
0001670254-20-000181	1	Courtney Campbell	Founder	2020-03-04
0001665160-20-000218	1	Geoff Patterson	CEO, Principal Executive Officer and Director, Principal Financial Officer and Principle Accounting Officer	2020-03-11
0001670254-20-000181	3	Mike Sperry	CEO/Founder	2020-03-03
0001783015-20-000002	2	Kerem Ozkan	Board Member	2020-03-11
0001783015-20-000002	1	Nazim Deniz Kalaslioglu	Board Member	2020-03-11
0001783015-20-000001	1	Janine Yorio	Chief Executive Officer	2020-03-11
0001665160-20-000215	1	Geoff Patterson	CEO, Principal Executive Officer and Director, Principal Financial Officer and Principle Accounting Officer	2020-03-11
0001669191-20-000113	2	Ernesto Pedroza	Principal Financial Officer	2020-03-11
0001669191-20-000113	1	Ernesto Pedroza	Principal Executive Officer	2020-03-11
0001669191-20-000113	3	Ernesto Pedroza	Principal Accounting Officer	2020-03-11
0001669191-20-000113	4	Ernesto Pedroza	Board Member	2020-03-11
0001795289-20-000003	2	Andrew Harmon	Co-Founder & CTO	2020-03-11
0001795289-20-000003	3	Adam Holub	Co Founder & President	2020-03-11
0001795289-20-000003	1	Brian Holub	Co Founder CIO	2020-03-11
0001795289-20-000003	4	Jonathan Mark Restelli	CEO	2020-03-11
0001669191-20-000108	2	Stephanie Corliss	Principal Financial Officer	2020-03-11
0001669191-20-000108	3	Stephanie Corliss	Principal Accounting Officer	2020-03-11
0001669191-20-000108	4	Thor Wood	Board Member	2020-03-11
0001669191-20-000108	5	Mark Prifogle	Board Member	2020-03-11
0001669191-20-000108	1	Thor Wood	Principal Executive Officer	2020-03-11
0001806281-20-000001	1	Dan Gladis	Co-Owner	2020-03-11
0001780439-20-000009	1	Francois rene Jean Viargues	Owner and CEO	2020-03-09
0001780439-20-000009	2	Adrien Joachim Flammier	Owner and Creative and Artistic Director	2020-03-09
0001780439-20-000009	3	Kerry Dacas Johnson	Marketing and Digital Director	2020-03-10
0001746059-20-000073	1	Tayo Bailey-Duvall	Owner and Founder	2020-03-11
0001669191-20-000102	2	Yuting Su	Board Member	2020-03-10
0001722138-20-000001	1	Walter Powell Jr.	CBO	2020-03-10
0001722138-20-000001	3	Israel Lopez	CEO	2020-03-10
0001722138-20-000001	4	Jackson White	CIO	2020-03-10
0001669191-20-000102	1	Yuting Su	Principal Executive Officer	2020-03-10
0001722138-20-000001	2	Nim Desai	COO	2020-03-10
0001715237-20-000003	1	Jonathan Kesselman	Managing Member	2017-10-10
0001806194-20-000001	1	Andrea Doyle-Calcagno	Co-Owner	2020-03-10
0001789922-20-000001	1	/s/ Rooshy Roychoudhury	CEO, Director	2020-03-10
0001789922-20-000001	2	/s/ Justin Silver	CFO, Director	2020-03-10
0001684004-20-000002	1	Mark Murrell	CEO	2020-03-10
0001804661-20-000001	1	Regiis Jones	President/CEO	2020-03-10
0001665160-20-000213	1	McCoy Moretz	CEO, Principal Executive Officer and Director, Principal Financial Officer and Principal Accounting Officer	2020-03-10
0001702371-20-000001	1	Ryan Allis	Chief Executive Officer and Director	2020-03-10
0001780439-20-000008	2	John Patrick Rizzo	Chief Technology Officer	2020-03-02
0001780439-20-000008	1	Joseph Bernard Rizzo	Chief Executive Officer	2020-03-02
0001665160-20-000211	2	Ben Dobyns	President of the Board of Directors	2020-03-09
0001665160-20-000211	3	Jason Faller	Director	2020-03-09
0001665160-20-000211	4	E.J. Kavanous	Director	2020-03-09
0001665160-20-000211	5	Petra Wilson	Principal Financial Officer and Principal Accounting Officer	2020-03-09
0001665160-20-000211	1	Ronald B Newcomb	CEO, Principal Executive Officer and Director	2020-03-09
0001665160-20-000212	1	Mark Hanchett	CEO, Principal Executive Officer and Director, Principal Financial Officer and Principal Accounting Officer	2020-03-09
0001665160-20-000207	1	Mark Hanchett	CEO, Principal Executive Officer and Director, Principal Financial Officer and Principal Accounting Officer	2020-03-09
0001767504-20-000001	1	Douglas Maxwell	Manager of S3RD LLC, the managing member	2020-03-09
0001665160-20-000209	1	Fathi Abdelsalam	CEO, Principal Executive Officer and Director, Principal Financial Officer and Principal Accounting Office	2020-03-09
0001767504-20-000002	1	Douglas Maxwell	Manager of S3RD LLC, the managing member	2020-03-09
0001701378-20-000001	1	Charles Powell	Charles Powell	2020-03-09
0001669191-20-000100	1	Ruth Nemire	Principal Executive Officer	2020-03-09
0001669191-20-000100	6	Brad  Nemire	Board Member	2020-03-09
0001669191-20-000100	3	Ruth Nemire	Principal Accounting Officer	2020-03-09
0001669191-20-000100	4	Ruth Nemire	Board Member	2020-03-09
0001669191-20-000100	2	John Rigoli	Principal Financial Officer	2020-03-09
0001669191-20-000100	5	John Rigoli	Board Member	2020-03-09
0001669191-20-000098	3	Pierre  Rogers	Board Member	2020-03-09
0001669191-20-000098	1	Pierre  Rogers	Principal Executive Officer	2020-03-09
0001669191-20-000098	2	Jonathan Cooper	Board Member	2020-03-09
0001665160-20-000205	1	Luka Fajs	CEO, Principal Executive Officer and Director, Principal Financial Officer and Principal Accounting Officer	2020-03-09
0001665160-20-000205	2	Robert S Marks	Director and Secretary	2020-03-09
0001465818-20-000005	3	Todd Padgett	Manager	2020-03-09
0001465818-20-000005	2	John Scotti	Manager	2020-03-09
0001465818-20-000005	1	Carol Barash	Manager & CEO	2020-03-09
0001465818-20-000004	3	Todd Padgett	Manager	2020-03-06
0001465818-20-000004	2	John Scotti	Manager	2020-03-06
0001465818-20-000004	1	Carol Barash	Manager & CEO	2020-03-06
0001670254-20-000176	1	Janet Shah	CEO	2020-03-06
0001794603-20-000001	1	/s/ Erik Alvarez Ortegon	CEO, Director	2020-03-06
0001746059-20-000072	1	Luca De Carolis	Owner and Founder	2020-03-06
0001665160-20-000204	1	Keith F. Duffy	CEO, Principal Executive Officer and Manager, Principal Financial Officer and Principal Accounting Officer	2020-03-06
0001794485-20-000001	1	Avery Michaelson	Founder & CEO	2020-03-06
0001665160-20-000202	1	Bryan Pate	CEO, Principal Executive Officer and Director, Principal Financial Officer and Principal Accounting Officer	2020-03-06
0001665160-20-000201	1	JD Claridge	CEO, Principal Executive Officer and Director, Principal Financial Officer and Principal Accounting Officer	2020-03-06
0001669191-20-000096	3	Christopher Lustrino	Principal Accounting Officer	2020-03-06
0001669191-20-000096	4	Christopher Lustrino	Board Member	2020-03-06
0001669191-20-000096	2	Christopher Lustrino	Principal Financial Officer	2020-03-06
0001669191-20-000096	1	Christopher Lustrino	Principal Executive Officer	2020-03-06
0001665160-20-000200	1	J. Garrett Green	CEO, Principal Executive Officer and Manager, Principal Financial Officer and Principal Accounting Officer	2020-03-06
0001665160-20-000199	1	Randall Bee	CEO, Principal Executive Officer and Director, Principal Financial Officer and Principal Accounting Officer	2020-03-06
0001800037-20-000001	1	Hetal Virani	CEO & Director	2020-03-06
0001800037-20-000001	2	Chiragkumar Virani	COO & Director	2020-03-06
0001665160-20-000198	1	Peter J. Tezza II	CEO, Principal Executive Officer and Director	2020-03-06
0001665160-20-000198	2	Laura L. Tezza	Director of Operations, Principle Financial Officer and Director and Principal Accounting Officer	2020-03-06
0001665160-20-000197	1	Joseph Daniluk	CEO, Principal Executive Officer and Director, Principal Financial Officer, Secretary, and Principal Accounting Officer	2020-03-06
0001665160-20-000196	2	Charisse Pasche	President, Secretary and Director	2020-03-06
0001665160-20-000196	1	Victoria Pasche	CEO, Principal Executive Officer and Director, Principal Financial Officer and Principal Accounting Officer	2020-03-06
0001670254-20-000174	1	Mark E Sam	CFO	2020-02-18
0001670254-20-000174	2	John C Higgins	President/CEO	2020-02-18
0001670254-20-000172	3	Joseph De Perio	Founder and Board Member	2020-03-04
0001670254-20-000172	2	George hall	President	2020-03-05
0001670254-20-000172	1	Peter Rawlins	EVP	2020-03-05
0001800525-20-000001	1	Sherihan Moustafa	CEO, principal executive officer, principal financial officer, controller, board of directors	2020-03-05
0001800525-20-000001	2	Ahmed Megahed	CMO, principal executive officer, principal financial officer, controller, board of directors	2020-03-05
0001665160-20-000195	1	Nicolo Rusconi	Director, Principal Financial Officer and Principal Accounting Officer of Chicas Tacos Holdings Inc.	2020-03-04
0001746059-20-000070	2	Mary Sacks	COO, Manager, and Co-Founder	2020-03-05
0001746059-20-000070	1	Gordon Sacks	CEO, Manager, and Co-Founder	2020-03-05
0001746059-20-000069	2	Shavondi Cousins	Owner and CoFounder	2020-03-05
0001746059-20-000069	1	Charmesha Cousins	Owner and CoFounder	2020-03-05
0001746059-20-000068	1	Alexis Jones	Owner and Founder	2020-03-05
0001746059-20-000067	1	Wagner Garcia	Owner and CoFounder	2020-03-05
0001792640-20-000003	1	Jonathan Macri by Sean Fuellhart POA	CEO	2020-03-04
0001793655-20-000001	1	Priya Amin	Co-Owner	2020-03-04
0001802740-20-000002	2	Asim Ghaffar	Mananging Partner	2020-03-02
0001802740-20-000002	1	Imran Sheikh	Managing Partner	2020-03-02
0001802740-20-000002	3	James Faller	Managing Partner	2020-03-02
0001665160-20-000190	1	Grayson M. Laird	CEO, Principal Executive Officer and Director, Principal Financial Officer and Principal Accounting Officer	2020-03-04
0001665160-20-000189	2	Zeenat William	Principal Financial Officer and Principal Accounting Officer	2020-03-04
0001665160-20-000189	1	Maya Parbhoe	CEO, Principal Executive Officer and Director	2020-03-04
0001736283-20-000002	1	Connor Young	Director	2020-03-04
0001805177-20-000004	1	Tony Larson	CEO	2020-03-04
0001736283-20-000001	1	Connor Young	Director	2020-03-03
0001805177-20-000003	1	Tony Larson	CEO	2020-02-28
0001666102-20-000005	1	Jared Davis	Chief Executive Officer	2020-03-03
0001665160-20-000188	1	Dan Abbate	CEO, Principal Executive Officer and Director, Principal Financial Officer and Principal Accounting Officer	2020-03-03
0001790424-20-000003	1	Daniel Marlow by Sean Fuellhart POA	CEO	2020-03-03
0001746059-20-000066	1	Aaron Mizen	Owner and CoFounder	2020-03-03
0001746059-20-000066	2	Cynthia Mizen	Owner and CoFounder	2020-03-03
0001669191-20-000094	1	Stephon McCoy	Principal Executive Officer	2020-03-03
0001669191-20-000094	4	Stephon McCoy	Board Member	2020-03-03
0001669191-20-000094	3	Stephon McCoy	Principal Accounting Officer	2020-03-03
0001669191-20-000094	2	Stephon McCoy	Principal Financial Officer	2020-03-03
0001670254-20-000168	2	Jason Parker	Co-Founder/President	2020-02-27
0001782185-20-000001	2	Thomas Barnes	Chief Product Officer	2020-03-02
0001805103-20-000001	1	Debra Driggers	CO-Owner	2020-03-02
0001670254-20-000168	1	Jeffrey Kanof	Director/Vice President	2020-02-27
0001790674-20-000001	3	Juan Felipe Yee de Leon	Chief Operating Officer and Director	2020-03-02
0001790674-20-000001	2	Alejandro Abarca Blanco	Chief Technology Officer and Director	2020-03-02
0001790674-20-000001	1	Liza Paola Velarde Calvillo	Chief Executive Officer and Director	2020-03-02
0001782185-20-000001	1	Benjamin Moe	Founder, CEO	2020-03-02
0001665160-20-000187	1	Richard Marino	CEO, Principal Executive Officer and Director, Principal Financial Officer and Principal Accounting Officer	2020-03-02
0001669191-20-000092	1	Ray C.  Carter, Jr.	Principal Executive Officer	2020-03-02
0001669191-20-000092	3	Ray C.  Carter, Jr.	Principal Accounting Officer	2020-03-02
0001669191-20-000092	2	Ray C.  Carter, Jr.	Principal Financial Officer	2020-03-02
0001783004-20-000003	1	Rama Poola	Chief Executive Officer, Director	2020-03-02
0001783004-20-000003	2	Vivek Poola	Chief Technology Officer, Director	2020-03-02
0001805177-20-000001	1	Tony Larson	CEO	2020-02-28
0001746059-20-000065	1	Albert Harlow	Owner and CEO	2020-03-02
0001669191-20-000090	1	Claude Harris	Principal Executive Officer	2020-03-02
0001669191-20-000090	2	Claude Harris	Principal Financial Officer	2020-03-02
0001669191-20-000090	3	Claude Harris	Principal Accounting Officer	2020-03-02
0001669191-20-000090	4	Claude Harris	Board Member	2020-03-02
0001706429-20-000001	2	Darren Grenia	Head of Production, Manager	2020-02-28
0001706429-20-000001	1	Roxane Mollicchi	CEO, Manager	2020-02-28
0001670254-20-000159	5	Bryan Davis	Co-Founder & CEO - Board Director	2020-02-28
0001670254-20-000159	4	Joanne Haruta	CMO / BOD	2020-02-28
0001670254-20-000159	3	Todd Martin	Board Director	2020-02-28
0001670254-20-000159	2	Wynn S. Sanders	COO	2020-02-28
0001670254-20-000159	1	John Berry	Board Member	2020-02-28
0001739109-20-000001	2	BRAD REECE	DIRECTOR, SECRETARY AND CHIEF OPERATING OFFICER	2020-02-28
0001739109-20-000001	1	MICHAEL W. PIERCE	DIRECTOR, CHAIRMAN AND PRESIDENT	2020-02-28
0001670254-20-000163	2	Calvin Williams	Chief Executive Officer	2020-02-28
0001670254-20-000163	1	Bruce S. Maxwell	CFO	2020-02-28
0001706429-20-000001	3	Julian Mohamed	Head of Operations & Strategy, Manager	2020-02-28
0001665160-20-000186	1	Storm Sondors	CEO, Principal Executive Officer and Director, Principal Financial Officer and Principal Accounting Officer	2020-02-28
0001665160-20-000184	1	Lisa Lambert	CEO, Principal Executive Officer and Director, Principal Financial Officer and Principal Accounting Officer	2020-02-28
0001665160-20-000181	1	Lynn Rolle	CEO, Principal Executive Officer and Director, Principal Financial Officer and Principal Accounting Officer	2020-02-28
0001690474-20-000004	1	Matthew Kaplan	Manager, CEO, and CFO	2020-02-28
0001690474-20-000002	1	Jose Montero II	Director	2020-02-28
0001690474-20-000002	2	Jose Montero Sr.	Director	2020-02-28
0001780439-20-000007	1	Michael Derrick Wong	Owner, Director, Chief Executive Officer	2020-02-28
0001780439-20-000007	2	Alexander Amedeo Comfortes	Owner, Director, Chief Operating Officer	2020-02-28
0001780439-20-000007	3	Hunter Stutsman	Chief Sales Officer	2020-02-28
0001765975-20-000003	2	Amos Lonnie Schiller	Manager	2020-02-28
0001765975-20-000003	1	David Brendan Murphy	Manager	2020-02-28
0001742131-20-000001	3	Wallace Tsuha	Director	2020-02-28
0001742131-20-000001	1	James Lawrence	CEO	2020-02-28
0001742131-20-000001	2	Matt Hayes	COO	2020-02-28
0001797667-20-000004	1	Richard Allen	Co-Owner	2020-02-28
0001665160-20-000180	1	George Beardsley	CEO, Principal Executive Officer and Director	2020-02-28
0001665160-20-000180	2	Deborah Beardsley	Principal Financial Officer, Principal Accounting Officer and Director	2020-02-28
0001665160-20-000179	2	Remy J Sedlmayr	Principal Accounting Officer	2020-02-28
0001665160-20-000179	1	Steven R Sedlmayr	CEO, Principal Executive Officer and Director and Principal Financial Officer	2020-02-28
0001669191-20-000087	3	Christopher Lustrino	Principal Accounting Officer	2020-02-28
0001669191-20-000087	4	Christopher Lustrino	Board Member	2020-02-28
0001669191-20-000087	2	Christopher Lustrino	Principal Financial Officer	2020-02-28
0001669191-20-000087	1	Christopher Lustrino	Principal Executive Officer	2020-02-28
0001665160-20-000178	1	Keith F. Duffy	CEO, Principal Executive Officer and Manager, Principal Financial Officer and Principal Accounting Officer	2020-02-28
0001795615-20-000002	1	Tariq Khan by Sean Fuellhart POA	CEO	2020-02-28
0001213900-20-005020	1	/s/ Paul Koenig	Manager and Chief Executive Officer	2020-02-28
0001803497-20-000001	1	Lauren McMillen	Owner	2020-02-28
0001670254-20-000156	3	Robert J Steinman	Founder & CEO	2020-02-26
0001670254-20-000156	2	Bryan Steinman	Director	2020-02-26
0001670254-20-000156	1	Lester Diaz	Founder & CTO	2020-02-26
0001793079-20-000001	1	/s/ Edward Lerner	CEO, Director	2020-02-28
0001805075-20-000001	1	Adrian Scheeren	Co-owner	2020-02-28
0001669191-20-000084	2	Joshua  Leavitt	Principal Financial Officer	2020-02-28
0001669191-20-000084	3	Joshua  Leavitt	Principal Accounting Officer	2020-02-28
0001669191-20-000084	4	Jonathan Cooper	Board Member	2020-02-28
0001669191-20-000084	5	Pierre  Rogers	Board Member	2020-02-28
0001669191-20-000084	6	Joshua  Leavitt	Board Member	2020-02-28
0001669191-20-000084	1	Pierre  Rogers	Principal Executive Officer	2020-02-28
0001665160-20-000177	1	Kara Romanik	CEO, Principal Executive Officer and Director, Principal Financial Officer and Principal Accounting Officer	2020-02-28
0001665160-20-000175	1	Nicolo Rusconi	Director, Principal Financial Officer and Principal Accounting Officer of Chicas Tacos Holdings Inc.	2020-02-28
0001669191-20-000080	2	John Clark	Principal Financial Officer	2020-02-28
0001669191-20-000080	4	John Clark	Board Member	2020-02-28
0001669191-20-000080	3	John Clark	Principal Accounting Officer	2020-02-28
0001669191-20-000080	1	John Clark	Principal Executive Officer	2020-02-28
0001665160-20-000173	1	Stanley Kim	CEO	2020-02-28
0001665160-20-000173	2	Lakshmi P Kotra	Director	2020-02-28
0001665160-20-000173	3	Paul Fernyhough	Professor	2020-02-28
0001803721-20-000002	1	Sener Korkusuz	CEO, Principal Executive Officer and Director, Principal Financial Officer and Principal Accounting Officer	2020-02-27
0001665160-20-000172	1	Phil Layton	CEO, Principal Executive Officer and Director, Principal Financial Officer and Principal Accounting Officer	2020-02-28
0001665160-20-000169	1	/s/ Howard Marks	Chief Executive Officer, Chief Financial Officer, Chief ACcounting Officer and Director	2020-02-27
0001665160-20-000169	2	/s/ Ronald Miller	Director and Chairman	2020-02-27
0001665160-20-000167	1	Michael Mojaver	CEO, Principal Executive Officer and Director, Principal Financial Officer and Principal Accounting Officer	2020-02-27
0001665160-20-000164	2	Lori A. Parks	Principal Financial Officer and Principal Accounting Officer	2020-02-27
0001665160-20-000164	1	Daniel Rubenstein	CEO, Principal Executive Officer and Director	2020-02-27
0001746059-20-000064	1	Charles Morgridge	Owner and Founder	2020-02-27
0001746059-20-000063	1	Roy Bene	CEO	2020-02-27
0001746059-20-000061	1	David Wayne Baxter	CEO & Co-Founder	2020-02-27
0001796295-20-000003	1	Noelle Randall	CEO	2020-02-27
0001746059-20-000060	1	Sheila Coons	Owner and Founder	2020-02-27
0001669191-20-000078	3	John Fanning Jr	Principal Accounting Officer	2020-02-27
0001669191-20-000078	4	John Fanning Jr	Board Member	2020-02-27
0001669191-20-000078	2	John Fanning Jr	Principal Financial Officer	2020-02-27
0001669191-20-000078	1	John Fanning Jr	Principal Executive Officer	2020-02-27
0001746059-20-000058	1	Scott Pepper	Owner and Founder	2020-02-27
0001665160-20-000162	2	Lance Mojaver	CTO, issuer, principal executive officer, principal financial officer, controller, and principal accounting officer	2020-02-26
0001665160-20-000162	1	Michael Mojaver	CEO, issuer, principal executive officer, principal financial officer, controller, and principal accounting officer	2020-02-26
0001665160-20-000161	2	Lance Mojaver	CTO, issuer, principal executive officer, principal financial officer, controller, and principal accounting officer	2020-02-26
0001803861-20-000002	1	Jovante Ham	President/CEO	2020-02-26
0001796110-20-000003	1	Cherie Williams	Manager/CEO	2020-02-26
0001752109-20-000003	1	Ena Jones	President/CEO	2020-02-26
0001777274-20-000004	1	Jaeson Bang	CEO, Founder	2020-02-26
0001665160-20-000161	1	Michael Mojaver	CEO, issuer, principal executive officer, principal financial officer, controller, and principal accounting officer	2020-02-26
0001665160-20-000159	1	Stanley Kim	CEO	2020-02-26
0001665160-20-000159	2	Lakshmi P Kotra	Director	2020-02-26
0001665160-20-000159	3	Paul Fernyhough	Professor	2020-02-26
0001706937-20-000010	3	Bruce Pinchbeck	Chief Creative Officer, Secretary, Director	2020-02-26
0001706937-20-000010	2	Rebekah Monson	COO, Treasurer, Director	2020-02-26
0001706937-20-000010	1	Christopher Sopher	CEO, President, Director	2020-02-26
0001780439-20-000006	1	Susan Veronica Bradley	Owner/Manager	2020-02-25
0001780439-20-000006	2	Craig Allen Bradley	Co-Owner	2020-02-25
0001746059-20-000056	2	Gordon West	Owner and CoFounder	2020-02-26
0001746059-20-000056	1	Courtney West	Owner and CoFounder	2020-02-26
0001213900-20-004806	1	/s/ Paul Koenig	Manager and Chief Executive Officer	2020-02-26
0001665160-20-000157	1	Morgan Bierschenk	CEO, Principal Executive Officer and Director, Principal Financial Officer and Principal Accounting Officer of Geoship SPC	2020-02-26
0001708246-20-000003	3	Denis Dancanet	CEO	2020-02-26
0001708246-20-000003	2	Andrei Evulet	CTO and President	2020-02-26
0001708246-20-000003	1	Simina Farcasiu	CFO	2020-02-26
0001759332-20-000002	1	Colby Schaeffer	CFO	2020-02-26
0001795322-20-000001	1	Nebyou Bedru	Managing Member	2020-02-25
0001795322-20-000001	2	Keagan Harley	Member	2020-02-25
0001780439-20-000005	1	Susan Veronica Bradley	Owner/Manager	2020-02-25
0001780439-20-000005	2	Craig Allen Bradley	Co-Owner	2020-02-25
0001666102-20-000004	1	Sukhbat Lkhagvadorj	Founder, CFO	2020-02-26
0001802465-20-000002	1	/s/Monique Crayton	Sole Member, COO	2020-02-25
0001755767-20-000002	1	Al Mughairy by Sean Fuellhart POA	CEO	2020-02-25
0001795615-20-000001	1	TARIQ KHAN	CEO	2020-02-25
0001670254-20-000153	2	John Sorial	Founder & Managing Partner	2020-02-21
0001670254-20-000153	1	Marcos (Mark) Guirgis	CFO	2020-02-24
0001743601-20-000001	1	Darren V. Walker	CEO	2020-02-25
0001654300-20-000002	2	Ronald Buckner	EVP COO/CFO	2020-02-25
0001654300-20-000002	1	Neville Golvala	CEO	2020-02-25
0001802096-20-000006	1	Brandon Stein	CEO & Director	2020-02-25
0001790042-20-000002	2	Domonique Sims	Chief Operating Officer, Director	2020-02-25
0001790042-20-000002	1	Rebecca Lima	Chief Executive Officer, Director	2020-02-25
0001790042-20-000001	2	Domonique Sims	Chief Operating Officer, Director	2020-02-25
0001790042-20-000001	1	Rebecca Lima	Chief Executive Officer, Director	2020-02-25
0001780439-20-000004	1	Joseph Bernard Rizzo	CEO	2020-02-21
0001780439-20-000004	3	Nancy Morgan Pierce	CMO	2020-02-21
0001780439-20-000004	2	John Patrick Rizzo	CTO	2020-02-21
0001718354-20-000001	1	Shivashankari Kashalkar	CEO	2020-02-25
0001789937-20-000001	1	Ana Rojas Bastidas	Founder/CEO	2020-02-24
0001665160-20-000155	2	Natalia Sokolova	Director, president and controller	2020-02-24
0001665160-20-000155	1	Gary Kleinman	CEO, Principal Executive Officer, and Director	2020-02-24
0001801721-20-000001	1	Mark Voysey	CEO	2020-02-24
0001802485-20-000002	1	Anthony Thompson II	Co-Owner	2020-02-24
0001749594-20-000001	1	Adam North Lazar	Chief Executive Officer and Sole Director	2020-02-24
0001746059-20-000054	1	Christopher Simpson	Owner and Founder	2020-02-24
0001670254-20-000148	2	Nathen Mazri	Co-Founder - Chief Entergage Officer	2020-02-19
0001670254-20-000151	1	Eduardo Alvarez	CEO	2020-02-20
0001670254-20-000148	1	Pascal Haider	Co-Founder	2020-02-19
0001779318-20-000002	1	Pierre Laguerre	Director	2020-02-21
0001782749-20-000002	1	/s/ Amit Kothari	Director, CEO, President, Secretary	2020-02-21
0001670254-20-000144	1	Matt Lindner	CEO	2020-02-05
0001782749-20-000002	2	/s/ Pravina Pindoria	Director, Chief Operating Officer	2020-02-21
0001746059-20-000053	1	Ahfeeyah Thomas	Owner and Founder	2020-02-21
0001670254-20-000139	3	Landy Abreus	CEO	2020-02-20
0001670254-20-000139	1	Manuel Villaverde Jr	COO	2020-02-20
0001670254-20-000139	2	Nandy Abreus	Director of Customer Relations	2020-02-20
0001773714-20-000001	1	Oleg Cheine	CEO	2020-02-21
0001665160-20-000152	1	Ray Phillips	CEO, Principal Executive Officer and Director, Principal Financial Officer and Principal Accounting Officer	2020-02-21
0001665160-20-000151	1	Dele Atanda	CEO, Principal Executive Officer and Director, Principal Financial Officer and Principal Accounting Officer	2020-02-21
0001665160-20-000149	2	Mason Burnett	Director	2020-02-20
0001665160-20-000149	1	Rick Burnett	CEO, Principal Executive Officer and Director, Principal Financial Officer and Principal Accounting Officer	2020-02-20
0001792121-20-000002	1	/s/ Jennifer Edmon	Director	2020-02-20
0001777476-20-000002	2	Christos Gourmos	Co-Founder, Co-CEO	2020-02-20
0001777476-20-000002	1	Micha Magid	Co-Founder, Co-CEO	2020-02-20
0001803912-20-000001	1	Oscar Delgado	Co-Owner	2020-02-20
0001804000-20-000002	1	Neil Kummer	CEO	2020-02-12
0001669191-20-000067	3	Ruth Nemire	Principal Accounting Officer	2020-02-20
0001669191-20-000067	1	Ruth Nemire	Principal Executive Officer	2020-02-20
0001669191-20-000067	2	John Rigoli	Principal Financial Officer	2020-02-20
0001669191-20-000067	6	Brad  Nemire	Board Member	2020-02-20
0001669191-20-000067	5	John Rigoli	Board Member	2020-02-20
0001669191-20-000067	4	Ruth Nemire	Board Member	2020-02-20
0001669191-20-000063	1	Ray C.  Carter, Jr.	Principal Executive Officer	2020-02-20
0001669191-20-000063	2	Ray C.  Carter, Jr.	Principal Financial Officer	2020-02-20
0001669191-20-000063	3	Ray C.  Carter, Jr.	Principal Accounting Officer	2020-02-20
0001670254-20-000134	1	David Shahan	Founder / CEO	2020-02-12
0001665160-20-000143	1	Lior Shafir	CEO, Principal Executive Officer and Director, Principal Financial Officer and Principal Accounting Officer	2020-02-20
0001730486-20-000002	1	Thematic, Inc.	Chief Executive Officer	2020-02-20
0001669191-20-000061	4	Nikolaos Tezapsidis	Board Member	2020-02-20
0001669191-20-000061	3	James Harris	Principal Accounting Officer	2020-02-20
0001669191-20-000061	2	James Harris	Principal Financial Officer	2020-02-20
0001669191-20-000061	5	James Harris	Board Member	2020-02-20
0001669191-20-000061	1	Nikolaos Tezapsidis	Principal Executive Officer	2020-02-20
0001669191-20-000061	7	Thomas Humphries	Board Member	2020-02-20
0001669191-20-000061	6	Bob Oliver	Board Member	2020-02-20
0001669191-20-000061	8	George Perry	Board Member	2020-02-20
0001665160-20-000141	1	Scott Donoho	CEO, Principal Executive Officer and Director, Principal Financial Officer and Principal Accounting Officer	2020-02-20
0001796295-20-000001	1	Noelle Randall	CEO	2020-02-20
0001746059-20-000052	1	Keisha Greaves	Owner and Founder	2020-02-20
0001746059-20-000051	1	Ugur Yilmaz	Owner and Founder	2020-02-20
0001746059-20-000050	1	John Malanka	Owner and Founder	2020-02-20
0001746059-20-000049	1	James Van Sicklen	Founder	2020-02-20
0001746059-20-000048	1	Zulema Mejia	Owner and Founder	2020-02-20
0001746059-20-000047	1	Coco Cabuquit-Love	Owner and Founder	2020-02-19
0001802569-20-000001	3	John Suh	Managing Member	2020-02-19
0001802569-20-000001	2	Christine Ha	Managing Member	2020-02-19
0001802569-20-000001	1	Tony Nguyen	Managing Member	2020-02-19
0001708246-20-000001	3	Denis Dancanet	CEO	2020-02-19
0001708246-20-000001	2	Andrei Evulet	CTO and President	2020-02-19
0001708246-20-000001	1	Simina Farcasiu	CFO	2020-02-19
0001665160-20-000139	1	Keith Veltre	CEO, Principal Executive Officer and Director, Principal Financial Officer and Principal Accounting Officer	2020-02-19
0001665160-20-000138	1	Ron Wilson	CEO, Principal Executive Officer and Director, Principal Financial Officer and Principal Accounting Officer	2020-02-19
0001665160-20-000137	1	Andrew Ochoa	CEO, Principal Executive Officer and Director, Principal Financial Officer and Principal Accounting Officer	2020-02-19
0001802485-20-000001	1	Anthony Thompson II	Co-Owner	2020-02-19
0001670254-20-000131	1	Anthony Franco	CEO	2020-02-18
0001665160-20-000136	1	Raghu Bala	CEO, Principal Executive Officer and Director, Principal Financial Officer and Principal Accounting Officer	2020-02-18
0001670254-20-000127	4	Henry Proegler	Producer	2020-02-13
0001670254-20-000127	3	Russell Wayne Groves	Executive Producer	2020-02-13
0001670254-20-000127	1	Ryan Booth	Director/Producer	2020-02-13
0001670254-20-000127	2	Bradley Jackson	co-writer/producer	2020-02-13
0001777476-20-000001	2	Christos Gourmos	Co-Founder, Co-CEO	2020-02-18
0001777476-20-000001	1	Micha Magid	Co-Founder, Co-CEO	2020-02-18
0001665160-20-000134	1	Sandra W. Marlowe	Chief Executive officer and Chairman of the Executive Board, Principal Financial Officer and Principal Accounting Officer.	2020-02-18
0001669191-20-000059	3	Carrie Fair	Principal Accounting Officer	2020-02-18
0001669191-20-000059	1	John McMillian	Principal Executive Officer	2020-02-18
0001669191-20-000059	2	Normand Rheault	Principal Financial Officer	2020-02-18
0001669191-20-000059	4	Normand Rheault	Board Member	2020-02-18
0001669191-20-000059	5	John McMillian	Board Member	2020-02-18
0001669191-20-000059	6	Carrie Fair	Board Member	2020-02-18
0001669191-20-000057	2	John Clark	Principal Financial Officer	2020-02-18
0001669191-20-000057	3	John Clark	Principal Accounting Officer	2020-02-18
0001669191-20-000057	4	John Clark	Board Member	2020-02-18
0001669191-20-000057	1	John Clark	Principal Executive Officer	2020-02-18
0001746059-20-000046	1	Adam Davis	Owner and Founder	2020-02-18
0001746059-20-000045	1	Courtney McKamey	Owner and Founder	2020-02-18
0001779032-20-000001	1	Erik D. Mayans	CEO, Managing Member	2020-02-18
0001798823-20-000002	1	Enrique Pallares	Co-Owner	2020-02-18
0001669191-20-000055	2	John Clark	Principal Financial Officer	2020-02-18
0001669191-20-000055	1	John Clark	Principal Executive Officer	2020-02-18
0001669191-20-000055	4	John Clark	Board Member	2020-02-18
0001669191-20-000055	3	John Clark	Principal Accounting Officer	2020-02-18
0001683168-20-000521	1	/s/ David Weksel	CEO	2020-02-18
0001670254-20-000122	6	Yannis Moati	CEO and Founder	2020-02-12
0001670254-20-000122	5	Eddy Kaljic	Director of Sales	2020-02-12
0001670254-20-000122	4	satyan	member	2020-02-12
0001670254-20-000122	3	Vidur Raj Bhalla	Director	2020-02-12
0001670254-20-000122	2	Kyle Blasco	CMO	2020-02-12
0001670254-20-000122	1	Tony Cheung	Manager	2020-02-13
0001670254-20-000119	1	Luna Howard	CEO&CO-Founder	2020-02-13
0001670254-20-000124	2	Nicholas J Solazzo	Founder	2020-02-12
0001670254-20-000124	1	Glenn Smith	CFO	2020-02-13
0001670254-20-000119	2	Peter J Goodman	President & COO, Co-Founder	2020-02-13
0001780122-20-000001	1	/s/ Daniel Uribe	Chief Executive Officer, President, Secretary, Director	2020-02-14
0001780122-20-000001	2	/s/ Everardo Barojas	Chief Financial Officer, Treasurer	2020-02-14
0001670254-20-000124	3	Scott Brown	CEO	2020-02-12
0001665160-20-000131	1	Anand (Andy) Pandharikar	Founder and CEO	2020-02-14
0001670254-20-000116	1	Anthony Lucas	CEO	2020-02-13
0001665160-20-000130	1	David Obasiolu	CEO, Principal Executive Officer and Director, Principal Financial Officer and Principal Accounting Officer	2020-02-14
0001665160-20-000129	1	Allan Grosvenor	CEO, Principal Executive Officer, Director, Principal Financial Officer and Principal Accounting Officer	2020-02-14
0001665160-20-000129	2	Martin Conlon	Director	2020-02-14
0001799584-20-000003	2	Emily Kenney	COO & Director	2020-02-14
0001799584-20-000003	1	Erin Houston	CEO & Director	2020-02-14
0001669191-20-000053	2	Vaughan Dugan	Principal Financial Officer	2020-02-14
0001669191-20-000053	1	Vaughan Dugan	Principal Executive Officer	2020-02-14
0001669191-20-000053	3	Shawn Rudnick	Principal Accounting Officer	2020-02-14
0001669191-20-000053	5	Shawn Rudnick	Board Member	2020-02-14
0001669191-20-000053	4	Vaughan Dugan	Board Member	2020-02-14
0001746725-20-000002	1	John C. George	CFO	2020-02-14
0001746725-20-000001	1	John C. George	CFO	2020-02-14
0001670254-20-000113	2	Scot Savarese	Founder/CEO	2020-02-12
0001670254-20-000113	1	Walton Clark	COO	2020-02-13
0001670254-20-000110	3	Sourabh Kothari	CEO, CFO, CMO	2020-02-12
0001670254-20-000110	1	Daniel P  Cunningham	CTO	2020-02-13
0001670254-20-000110	2	Andrew Brazier	Chief Product Officer	2020-02-12
0001790424-20-000002	1	Daniel Marlow	CEO	2020-02-13
0001746059-20-000043	1	Charles Morgridge	Owner and Founder	2020-02-13
0001740075-20-000001	1	Andreas Roussos	CEO	2020-02-13
0001746059-20-000041	1	David Collins	Owner and Founder	2020-02-13
0001665160-20-000127	1	Sandra W. Marlowe	Chief Executive officer and Chairman of the Executive Board, Principal Financial Officer and Principal Accounting Officer.	2020-02-13
0001746059-20-000039	2	La-Tisha Pirtle	Owner and CoFounder	2020-02-13
0001746059-20-000039	1	Mike Pirtle	Owner and CoFounder	2020-02-13
0001665160-20-000124	4	Leigh McKee	Audit Advisory Committee	2020-02-13
0001665160-20-000124	3	Bena Halecky	Director	2020-02-13
0001665160-20-000124	2	Rachael M. Bullock	Director	2020-02-13
0001665160-20-000124	1	Sandra W. Marlowe	Chairman & CEO	2020-02-13
0001665160-20-000122	3	Bena Halecky	Director	2020-02-13
0001665160-20-000122	2	Rachael M. Bullock	Board Secretary, Director	2020-02-13
0001665160-20-000122	1	Sandra W. Marlowe	Chairman & CEO, Board President	2020-02-13
0001665160-20-000122	4	Leigh McKee	Audit Advisory Committee	2020-02-13
0001746059-20-000037	1	Francis Broadberry	Owner	2020-02-13
0001213900-20-003498	2	Christopher Murray	Chief Financial Officer, Principal Accounting Officer and Manager	2020-02-13
0001213900-20-003498	1	William Zanker	Chief Executive Officer, Principal Executive Officer and Manager	2020-02-13
0001213900-20-003498	3	Samantha Delcanto	Manager	2020-02-13
0001722197-20-000001	1	David Levine	Chief Executive Officer	2020-02-13
0001798833-20-000002	1	Fahad Rajput	Manager	2020-02-12
0001665160-20-000114	1	Todd Zaroban	CEO, Principal Executive Officer and Director, Principal Financial Officer and Principal Accounting Officer	2020-02-12
0001665160-20-000114	2	Eric Goeken	Director, Chief Product Designer	2020-02-12
0001746059-20-000036	1	Biplaw Rai	Owner and CoFounder	2020-02-12
0001746059-20-000036	2	Nyacko Perry	Owner and CoFounder	2020-02-12
0001665160-20-000112	1	Todd Zaroban	CEO, Principal Executive Officer and Director, Principal Financial Officer and Principal Accounting Officer	2020-02-12
0001665160-20-000112	2	Eric Goeken	Director, Chief Product Designer	2020-02-12
0001746059-20-000034	2	Michael Dow	Owner and CoFounder	2020-02-12
0001746059-20-000034	1	Melissa Lewis-Gentry	Owner and CoFounder	2020-02-12
0001665160-20-000109	2	Brian Gulassa	Director	2020-02-12
0001665160-20-000109	1	David Silverglate	CEO, Principal Executive Officer and Director, Principal Financial Officer and Principal Accounting Officer	2020-02-12
0001554477-20-000003	1	Arjun Rai	President, Director	2020-02-12
0001797565-20-000001	1	Kurt Swogger	CEO and President	2020-02-12
0001665160-20-000106	1	Chris Bradley	CEO, Principal Executive Officer and Director, Principal Financial Officer and Principal Accounting Officer	2020-02-12
0001554477-20-000002	4	Heath Freeman	Director	2020-02-12
0001554477-20-000002	2	Mark Gerson	Director	2020-02-12
0001554477-20-000002	1	Jared Augustine	Director	2020-02-12
0001554477-20-000002	3	Tiki Barber	Director	2020-02-12
0001792116-20-000001	2	Matthew Grocoff	Co-Manager	2020-02-12
0001792116-20-000001	1	Joseph Jonna	Co-Manager	2020-02-12
0001792116-20-000001	3	David Eifrid	Co-Manager	2020-02-12
0001665160-20-000105	2	Timothy A. Hylas	Principal Financial Officer and Principal Accounting Officer	2020-02-12
0001665160-20-000105	1	Chris Outwater	CEO, Principal Executive Officer and Director	2020-02-12
0001654300-20-000001	2	Ronald Buckner	EVP COO/CFO	2020-02-12
0001654300-20-000001	1	Neville Golvala	CEO	2020-02-12
0001759332-20-000001	1	Colby Schaeffer	CFO	2020-02-11
0001746059-20-000033	1	Elizabeth Castellana	Owner and Founder	2020-02-11
0001789369-20-000001	1	Caroll Lee	Manager	2020-02-11
0001669191-20-000051	1	Claude Harris	Principal Executive Officer	2020-02-11
0001669191-20-000051	3	Claude Harris	Principal Accounting Officer	2020-02-11
0001669191-20-000051	4	Claude Harris	Board Member	2020-02-11
0001669191-20-000051	2	Claude Harris	Principal Financial Officer	2020-02-11
0001665160-20-000104	1	Aja Atwood	CEO, Principal Executive Officer and Manager, Principal Financial Officer and Principal Accounting Officer	2020-02-11
0001790166-20-000004	1	Janine Yorio	Chief Executive Officer	2020-02-11
0001746059-20-000032	1	Robert Raulston	Owner and Founder	2020-02-11
0001669191-20-000049	4	Valerie  Canova	Board Member	2020-02-11
0001669191-20-000049	3	Valerie  Canova	Principal Accounting Officer	2020-02-11
0001669191-20-000049	2	Valerie  Canova	Principal Financial Officer	2020-02-11
0001669191-20-000049	1	James Canova	Principal Executive Officer	2020-02-11
0001669191-20-000049	5	James Canova	Board Member	2020-02-11
0001670254-20-000107	1	Ray Tesi	CEO	2020-02-07
0001802577-20-000002	3	Angelica Jackson El Bey	Secret Jurisary/Admin. Asst.	2020-02-10
0001802577-20-000002	2	Jibril Mutakkabir El	Executive Ruler/Chief Compliance Officer	2020-02-10
0001802577-20-000002	1	Noble Ferguson El	Chief Financial Officer/Sovereign Minister	2020-02-10
0001670254-20-000107	2	Frank Zanca	CFO	2020-02-07
0001670254-20-000106	1	Archil Cheishvili	CEO	2020-01-30
0001794484-20-000001	2	/s/ Renata Thome	Chief Operating Officer, Director, Treasurer and Secretary	2020-02-10
0001794484-20-000001	1	/s/ Manuela Seve	Chief Executive Officer, Director, Chairman of the Board and President	2020-02-10
0001789878-20-000001	2	Lauren Ferrante	Vice President	2020-02-10
0001789878-20-000001	3	Eric Hester	Vice President	2020-02-10
0001789878-20-000001	4	Troy Stanley	Vice President	2020-02-10
0001789878-20-000001	1	Logan Beck	President	2020-02-10
0001790689-20-000001	1	Gary Kendall Spence	Manager	2020-02-03
0001665160-20-000102	2	Benjamin Anderson	COO, Principal Financial Officer, Principal Accounting Officer, Director	2020-02-10
0001665160-20-000102	1	Andrew Schlack	CEO, Principal Executive Officer and Director	2020-02-10
0001665160-20-000101	1	John Larson	CEO, Principal Executive Officer and Director, Principal Financial Officer and Principal Accounting Officer	2020-02-10
0001665160-20-000100	1	David Allred	CEO, Principal Executive Officer and Director, Principal Financial Officer and Principal Accounting Officer	2020-02-10
0001669191-20-000047	2	MICHAEL GABRIEL	Principal Financial Officer	2020-02-10
0001669191-20-000047	4	MICHAEL GABRIEL	Board Member	2020-02-10
0001669191-20-000047	3	MICHAEL GABRIEL	Principal Accounting Officer	2020-02-10
0001669191-20-000047	1	MICHAEL GABRIEL	Principal Executive Officer	2020-02-10
0001669191-20-000045	5	Philip Burton	Board Member	2020-02-10
0001669191-20-000045	4	Rhett Ross	Board Member	2020-02-10
0001669191-20-000045	2	Rhett Ross	Principal Financial Officer	2020-02-10
0001669191-20-000045	3	Rhett Ross	Principal Accounting Officer	2020-02-10
0001669191-20-000045	1	Rhett Ross	Principal Executive Officer	2020-02-10
0001670254-20-000104	2	Lynette Kucsma	Co-Founder and CMO	2020-02-07
0001670254-20-000096	1	Samantha K Smith	Co-Founder/ Director	2020-02-07
0001670254-20-000096	2	Nam Mokwunye	Founder/Chief Catalyst	2020-02-07
0001670254-20-000099	1	Rick Richman	Founder CEO	2020-02-07
0001670254-20-000101	2	John C Higgins	President/CEO	2020-02-06
0001670254-20-000104	3	Emilio Sepulveda	Co-Founder and CEO	2020-02-07
0001670254-20-000104	1	Gabriele Hofmann	Director	2020-02-07
0001670254-20-000101	1	Mark E. Sam	CFO	2020-02-07
0001670254-20-000094	1	Estephania Bonnett Alonso	Producer	2020-01-30
0001670254-20-000094	3	Micah Van Hove	Director/Producer	2020-01-30
0001670254-20-000094	2	Brett Tyler Pedersen	Producer	2020-01-30
0001670254-20-000088	1	Tiffany Kelly	Founder & CEO	2020-02-04
0001665160-20-000092	1	Phil Layton	CEO, Principal Executive Officer and Director, Principal Financial Officer and Principal Accounting Officer	2020-02-06
0001746059-20-000031	1	Aaron Mizen	Owner and Founder	2020-02-06
0001785626-20-000004	1	Nargis Mougey	Member	2020-02-06
0001665160-20-000088	1	Storm Sondors	CEO, Principal Executive Officer and Director, Principal Financial Officer and Principal Accounting Officer	2020-02-05
0001670254-20-000086	1	Oscar de Vries	CEO & Founder	2020-02-05
0001793349-20-000001	1	/s/ Rashaan Everett	Manager	2020-02-05
0001669191-20-000042	3	Xianming Zhu	Principal Accounting Officer	2020-02-05
0001669191-20-000042	2	Xianming Zhu	Principal Financial Officer	2020-02-05
0001669191-20-000042	1	Xianming Zhu	Principal Executive Officer	2020-02-05
0001669191-20-000042	4	Xianming Zhu	Board Member	2020-02-05
0001684004-20-000001	1	Mark Murrell	President, CEO	2020-02-05
0001746059-20-000029	1	Justin Korby	Owner and Founder	2020-02-05
0001670254-20-000084	2	Dea Wilson	CEO and Founder	2019-12-06
0001670254-20-000084	1	Dea Wilson	CEO and Founder	2020-01-24
0001730486-20-000001	1	Marc Schrobilgen	Chief Exective Officer	2020-02-04
0001670254-20-000078	1	Dea Wilson	CEO and Founder	2020-02-03
0001801610-20-000002	1	Ross Franklin	Chief Executive Officer and Director	2020-02-04
0001677504-20-000001	1	Saiful Khandaker	CEO	2020-02-04
0001801610-20-000001	1	/s/ Ross Franklin	Chief Executive Officer (Principal Executive and Financial Officer) and Director	2020-02-03
0001665160-20-000085	1	Brian Gale	CEO, Principal Executive Officer and Director	2020-02-03
0001665160-20-000085	2	Edgar D. McKean III	Director	2020-02-03
0001665160-20-000085	3	Cynthia P. Baron	Principal Financial Officer and Principal Accounting Officer	2020-02-03
0001665160-20-000084	1	Lior Shafir	CEO, Principal Executive Officer and Director, Principal Financial Officer and Principal Accounting Officer	2020-02-03
0001665160-20-000083	1	Andrew Yakub	CEO, Principal Executive Officer and Director, Principal Financial Officer and Principal Accounting Officer	2020-02-03
0001669191-20-000039	4	Claude Harris	Board Member	2020-02-03
0001669191-20-000039	3	Claude Harris	Principal Accounting Officer	2020-02-03
0001669191-20-000039	2	Claude Harris	Principal Financial Officer	2020-02-03
0001669191-20-000039	1	Claude Harris	Principal Executive Officer	2020-02-03
0001771551-20-000001	2	Margaret Davison	COO	2020-02-03
0001771551-20-000001	3	Hugh Stoll	CTO	2020-02-03
0001771551-20-000001	1	Anthony Smith	Manager	2020-02-03
0001670254-20-000074	1	Saru Jayaraman	Founder	2020-01-29
0001665160-20-000081	2	Zeenat William	Principal Financial Officer and Principal Accounting Officer	2020-01-31
0001791223-20-000001	2	Tim A Matus	Chief Executive Officer/President	2020-01-31
0001665160-20-000081	1	Maya Parbhoe	CEO, Principal Executive Officer and Director	2020-01-31
0001799973-20-000001	1	/s/ Lindsey Hoell	CEO, Director	2020-01-31
0001665160-20-000082	1	Matt Westover	CEO, Principal Executive Officer and Director, Principal Financial Officer and Principal Accounting Officer	2020-01-31
0001794960-20-000001	1	/s/ Kimberly Carney	Director	2020-01-31
0001799973-20-000001	2	/s/ Adam Boostrom	CBO, Director	2020-01-31
0001791223-20-000001	1	Jeff Dayov	Chief Financial Officer, Finance Committee	2020-01-31
0001665160-20-000080	1	Keith F. Duffy	CEO, Principal Executive Officer and Manager, Principal Financial Officer and Principal Accounting Officer	2020-01-31
0001746059-20-000028	1	Kendall Peabody	Owner and CoFounder	2020-01-31
0001665160-20-000079	1	Lorenzo Holley	CEO, Principal Executive Officer and Director, Principal Financial Officer and Principal Accounting Officer	2020-01-31
0001665160-20-000075	1	Dave Sokolowski	CEO, Principal Executive Officer and Director, Principal Financial Officer and Principal Accounting Officer	2020-01-31
0001722137-20-000001	1	/s/ Ezra Goldman	Chief Executive Officer, President and Director	2020-01-31
0001665160-20-000073	1	Storm Sondors	CEO, Principal Executive Officer and Director, Principal Financial Officer and Principal Accounting Officer	2020-01-31
0001665160-20-000071	1	Jeff Tacy	CEO, Principal Executive Officer and Director, Principal Financial Officer and Principal Accounting Officer	2020-01-31
0001669191-20-000037	1	Nikolaos Tezapsidis	Principal Executive Officer	2020-01-31
0001669191-20-000037	4	Nikolaos Tezapsidis	Board Member	2020-01-31
0001669191-20-000037	2	James Harris	Principal Financial Officer	2020-01-31
0001669191-20-000037	3	James Harris	Principal Accounting Officer	2020-01-31
0001669191-20-000037	5	James Harris	Board Member	2020-01-31
0001669191-20-000037	6	Bob Oliver	Board Member	2020-01-31
0001669191-20-000037	8	George Perry	Board Member	2020-01-31
0001669191-20-000037	7	Thomas Humphries	Board Member	2020-01-31
0001706939-20-000001	1	Peter Gantner	CEO	2020-01-31
0001799769-20-000001	2	Hunter Petersen	CTO	2020-01-31
0001799769-20-000001	1	Sedale Turbovsky	President & CEO	2020-01-31
0001799769-20-000001	3	Cody Hanson	Director	2020-01-31
0001665160-20-000069	1	Storm Sondors	CEO, Principal Executive Officer and Director, Principal Financial Officer and Principal Accounting Officer	2020-01-31
0001785943-20-000001	2	Majd Maksad	Director	2020-01-31
0001785943-20-000001	1	Gerald Banks	Director	2020-01-31
0001785943-20-000001	3	Roman Tokarev	Director	2020-01-31
0001788691-20-000006	3	Charles K. Dargan	Chief Financial Officer	2020-01-30
0001788691-20-000006	2	Joseph L. Provenzano	Director and Secretary	2020-01-30
0001788691-20-000006	1	Dennis Calvert	Director and Chief Executive Officer	2020-01-30
0001669191-20-000035	3	Claude Harris	Principal Accounting Officer	2020-01-31
0001669191-20-000035	2	Claude Harris	Principal Financial Officer	2020-01-31
0001669191-20-000035	1	Claude Harris	Principal Executive Officer	2020-01-31
0001669191-20-000035	4	Claude Harris	Board Member	2020-01-31
0001785164-20-000001	1	Neil Parsan by Sean Fuellhart POA	CEO	2020-01-30
0001746059-20-000027	1	Gordon Sacks	Founder & CEO	2020-01-30
0001746059-20-000027	2	Mary Sacks	COO, Manager, and Co-Founder	2020-01-30
0001777274-20-000003	1	Jaeson Bang	CEO, Founder	2020-01-30
0001765252-20-000002	1	Neil Biafore	Founder / CEO	2020-01-30
0001746059-20-000026	2	Mary Sacks	COO, Manager, and Co-Founder	2020-01-30
0001746059-20-000026	1	Gordon Sacks	Founder & CEO	2020-01-30
0001746059-20-000025	1	Monica Wright	Owner	2020-01-30
0001665160-20-000065	1	Jessica Barouche	CEO, Principal Executive Officer and Director, Principal Financial Officer and Principal Accounting Officer	2020-01-30
0001665160-20-000065	2	Clarissa Holmes	Director	2020-01-30
0001746059-20-000024	1	Wagner Garcia	Owner and CoFounder	2020-01-30
0001746059-20-000023	1	Charmesha Cousins	Owner and CoFounder	2020-01-30
0001746059-20-000023	2	Shavondi Cousins	Owner and CoFounder	2020-01-30
0001670254-20-000071	2	Afshan Abbas	CEO	2020-01-28
0001670254-20-000071	1	Rameez Sajwani	CTO	2020-01-28
0001790424-20-000001	1	Daniel Marlow	CEO	2020-01-29
0001755873-20-000001	1	/s/Kobi Wu	Director & Chief Executive Officer	2019-05-01
0001665160-20-000063	1	Jason Brown	CEO, Principal Executive Officer and Director, Principal Financial Officer and Principal Accounting Officer	2020-01-29
0001669191-20-000033	3	Stev Stephens	Principal Accounting Officer	2020-01-29
0001669191-20-000033	4	Stev Stephens	Board Member	2020-01-29
0001669191-20-000033	5	Phillip Carrington	Board Member	2020-01-29
0001669191-20-000033	2	Stev Stephens	Principal Financial Officer	2020-01-29
0001669191-20-000033	6	Christopher Darnell	Board Member	2020-01-29
0001669191-20-000033	7	Jozef Wallis	Board Member	2020-01-29
0001669191-20-000033	1	Christopher Darnell	Principal Executive Officer	2020-01-29
0001669191-20-000031	7	Jozef Wallis	Board Member	2020-01-29
0001669191-20-000031	6	Christopher Darnell	Board Member	2020-01-29
0001669191-20-000031	3	Stev Stephens	Principal Accounting Officer	2020-01-29
0001669191-20-000031	4	Stev Stephens	Board Member	2020-01-29
0001669191-20-000031	5	Phillip Carrington	Board Member	2020-01-29
0001669191-20-000031	2	Stev Stephens	Principal Financial Officer	2020-01-29
0001669191-20-000031	1	Christopher Darnell	Principal Executive Officer	2020-01-29
0001788691-20-000001	2	Joseph L. Provenzano	Secretary	2020-01-28
0001788691-20-000001	3	Charles K. Dargan	Chief Financial Officer	2020-01-28
0001788691-20-000001	1	Dennis Calvert	President and CEO	2020-01-28
0001665160-20-000059	3	Jason Faller	Director	2020-01-28
0001665160-20-000059	1	Ronald B Newcomb	CEO, Principal Executive Officer and Director	2020-01-28
0001665160-20-000059	2	Ben Dobyns	President of the Board of Directors	2020-01-28
0001665160-20-000061	1	Andrew Fitzgerald	CEO, Principal Executive Officer and Director, Principal Financial Officer and Principal Accounting Officer	2020-01-28
0001665160-20-000059	5	Petra Wilson	Principal Financial Officer and Principal Accounting Officer	2020-01-28
0001665160-20-000059	4	E.J. Kavanous	Director	2020-01-28
0001665160-20-000056	4	E.J. Kavanous	Director	2020-01-28
0001665160-20-000056	3	Jason Faller	Director	2020-01-28
0001665160-20-000056	2	Ben Dobyns	President of the Board of Directors	2020-01-28
0001665160-20-000056	1	Ronald B Newcomb	CEO, Principal Executive Officer and Director	2020-01-28
0001665160-20-000056	5	Petra Wilson	Principal Financial Officer and Principal Accounting Officer	2020-01-28
0001665160-20-000055	1	Mark Lyle	CEO, Principal Executive Officer and Director, Principal Financial Officer and Principal Accounting Officer	2020-01-28
0001669191-20-000029	3	MICHAEL GABRIEL	Principal Accounting Officer	2020-01-28
0001669191-20-000029	2	MICHAEL GABRIEL	Principal Financial Officer	2020-01-28
0001669191-20-000029	1	MICHAEL GABRIEL	Principal Executive Officer	2020-01-28
0001669191-20-000029	4	MICHAEL GABRIEL	Board Member	2020-01-28
0001669191-20-000027	1	Jaime  van Schyndel	Principal Executive Officer	2020-01-28
0001669191-20-000027	6	Lucy Valena	Board Member	2020-01-28
0001669191-20-000027	5	Evan Korzon	Board Member	2020-01-28
0001669191-20-000027	4	Jaime  van Schyndel	Board Member	2020-01-28
0001669191-20-000027	3	Jaime  van Schyndel	Principal Accounting Officer	2020-01-28
0001669191-20-000027	2	Jaime  van Schyndel	Principal Financial Officer	2020-01-28
0001669191-20-000024	2	Kenny Gallagher	Principal Financial Officer	2020-01-28
0001669191-20-000024	3	Kenny Gallagher	Principal Accounting Officer	2020-01-28
0001669191-20-000024	4	Karl Doenges	Board Member	2020-01-28
0001669191-20-000024	5	Kenny Gallagher	Board Member	2020-01-28
0001669191-20-000024	1	Kenny Gallagher	Principal Executive Officer	2020-01-28
0001669191-20-000022	3	Ray C.  Carter, Jr.	Principal Accounting Officer	2020-01-28
0001669191-20-000022	2	Ray C.  Carter, Jr.	Principal Financial Officer	2020-01-28
0001669191-20-000022	1	Ray C.  Carter, Jr.	Principal Executive Officer	2020-01-28
0001665160-20-000054	1	Paul Salomone	COO, Co-Founder, Director, Principal Financial Officer and Principal Accounting Officer	2020-01-28
0001665160-20-000054	2	Jill Salomone	Co-Founder, CEO, Principal Executive Officer and Director	2020-01-28
0001790658-20-000001	2	Kenneth Owen	Manager	2020-01-22
0001790657-20-000001	1	Jeremy Sanders	Manager	2020-01-27
0001790657-20-000001	2	Kenneth Owen	Manager	2020-01-27
0001665160-20-000052	1	J. Thomas Graham	CEO, Principal Executive Officer and Director, Principal Financial Officer and Principal Accounting Officer	2020-01-27
0001790658-20-000001	1	Jeremy Sanders	Manager	2020-01-22
0001795289-20-000001	2	Andrew Harmon	Co-Founder & CTO	2020-01-27
0001795289-20-000001	1	Brian Holub	Co Founder CIO	2020-01-27
0001795289-20-000001	4	Jonathan Mark Restelli	CEO	2020-01-27
0001795289-20-000001	3	Adam Holub	Co Founder & President	2020-01-27
0001669191-20-000020	2	MICHAEL GABRIEL	Principal Financial Officer	2020-01-27
0001669191-20-000020	1	MICHAEL GABRIEL	Principal Executive Officer	2020-01-27
0001669191-20-000020	3	MICHAEL GABRIEL	Principal Accounting Officer	2020-01-27
0001746059-20-000021	1	Rasheeda Wallace	Founder & CEO	2020-01-27
0001798376-20-000004	1	Gregory Reaves	Co-manager of manager, Sharswood 1 SPNSRS,LLC	2020-01-27
0001669191-20-000019	4	Christopher Lustrino	Board Member	2020-01-27
0001669191-20-000019	3	Christopher Lustrino	Principal Accounting Officer	2020-01-27
0001669191-20-000019	2	Christopher Lustrino	Principal Financial Officer	2020-01-27
0001669191-20-000019	1	Christopher Lustrino	Principal Executive Officer	2020-01-27
0001798376-20-000003	1	Gregory Reaves	Co-manager of manager, Sharswood 1 SPNSRS,LLC	2020-01-24
0001665160-20-000051	1	Morgan Bierschenk	CEO, Principal Executive Officer and Director, Principal Financial Officer and Principal Accounting Officer of Geoship SPC	2020-01-24
0001785115-20-000001	1	/s/ Serafina Palandech	CEO, Director	2020-01-24
0001785115-20-000001	2	/s/ Jennifer Johnson	Vice President, Director	2020-01-24
0001670254-20-000070	1	Gary Fleishman	C.E.O.	2019-12-05
0001670254-20-000070	2	Zack Fleishman	Chief Operating Officer	2019-12-05
0001670254-20-000069	1	Joseph Iannarelli	Stockholder	2020-01-16
0001670254-20-000069	2	Karl C Loepke	President	2020-01-16
0001746059-20-000020	1	Luca De Carolis	Owner and CEO	2020-01-24
0001670254-20-000065	1	Chad Troutwine	Chairman	2020-01-23
0001670254-20-000065	3	Christine Outram	Chief Executive Officer	2020-01-23
0001670254-20-000065	2	Ravi Sreerama	Partner	2020-01-23
0001670254-20-000064	1	Gary Fleishman	C.E.O.	2019-12-05
0001670254-20-000064	2	Zack Fleishman	Chief Operating Officer	2019-12-05
0001670254-20-000061	1	Daniel B lipton	Owner	2020-01-23
0001670254-20-000061	2	Russell Greene	Founder and CEO	2020-01-23
0001670254-20-000060	1	Eric J. Lerner	President and Chief Scientist	2020-01-21
0001665160-20-000048	3	Anne Kania	Executive Vice President, Director, Treasurer, Principal Accounting Officer, and Principal Financial Officer	2020-01-24
0001665160-20-000048	2	Alicia Pettys	Director	2020-01-24
0001665160-20-000048	1	Bruce Kania	Chief Executive Officer, Principal Executive Officer, Director	2020-01-24
0001665160-20-000047	1	Jason Giddings	CEO, Principal Executive Officer and Director, Principal Financial Officer and Principal Accounting Officer	2020-01-24
0001780439-20-000003	1	Vanaja Vijaya Ragavan	President and CEO	2020-01-23
0001780439-20-000003	2	Gary J. L. Foster	Director	2020-01-23
0001799231-20-000001	1	Elias Tobias	CEO	2020-01-23
0001796532-20-000002	2	Tracy MacDougall	Chief Operating Officer	2020-01-23
0001670254-20-000057	1	Emily Molli	CCO	2020-01-22
0001670254-20-000057	3	Bill Ottman	CIO	2020-01-22
0001796532-20-000002	1	Terry Koehler	Chairman	2020-01-23
0001670254-20-000057	2	Timothy Pool	CEO	2020-01-22
0001792115-20-000001	1	Joshua Carr	President	2020-01-23
0001700943-20-000001	4	/s/ Orlando Duque	Director	2020-01-23
0001700943-20-000001	3	/s/ Patricia Duque	Director	2020-01-23
0001700943-20-000001	2	/s/ Alejandro Duque	COO, Treasurer, Director	2020-01-23
0001700943-20-000001	1	/s/ Sebastian Duque	CEO, Director	2020-01-23
0001670254-20-000055	1	David Shahan	Founder / CEO	2020-01-22
0001746059-20-000019	1	Samson Romeo Regalli	Owner and CoFounder	2020-01-23
0001791558-20-000007	1	Nohra Murad	Owner	2020-01-23
0001791558-20-000006	1	Karl Horn	Owner	2020-01-23
0001791558-20-000005	1	Ken Shields	Owner	2020-01-23
0001791558-20-000004	1	Jason Philips	Member	2020-01-23
0001791558-20-000003	1	Craig Cozza	Owner	2020-01-23
0001791558-20-000002	1	Philip Knight	Owner	2020-01-23
0001791558-20-000001	1	Eric Earnest	Owner	2020-01-23
0001746059-20-000018	1	Andrew Jerry	Founder	2020-01-23
0001746059-20-000017	1	Layla-Joy Williams	Founder & CEO	2020-01-23
0001774858-20-000001	1	Anthony Livadas	COO	2020-01-23
0001704205-20-000001	1	Kirk Kjellberg	CEO	2020-01-22
0001670254-20-000050	1	Christen Allen	Board member	2020-01-21
0001670254-20-000050	2	Paul Allen	Founder and CEO	2020-01-21
0001670254-20-000053	1	John A Perez	CEO & Chairman	2020-01-22
0001670254-20-000053	2	Gretel Camacho	CFO	2020-01-22
0001670254-20-000053	3	Carlos M. Garcia	Partner	2020-01-22
0001670254-20-000053	4	John A Perez	CEO	2020-01-22
0001670254-20-000053	5	Brac Greer	Board Member	2020-01-22
0001670254-20-000053	6	Richard Ray	Board Member	2020-01-22
0001755767-20-000001	1	Al Mughairy by Sean Fuellhart POA	CEO	2020-01-22
0001668287-20-000003	1	Paul Lobel	CEO & President	2020-01-22
0001736423-20-000005	1	Anum Hussain	CEO & Director	2020-01-22
0001736423-20-000005	2	Vivian Diep	CTO & Director	2020-01-22
0001748372-20-000002	1	Carlos Ventura	CEO	2019-12-31
0001780439-20-000001	1	Terri Louise Bricker	President	2020-01-21
0001783580-20-000002	3	Mario Lazaro	Chief Information Officer, Director	2020-01-21
0001783580-20-000002	2	Guillaume Torche	Chief Technology Officer, Director	2020-01-21
0001783580-20-000002	1	Alex Wang	Chief Executive Officer, Director	2020-01-21
0001783580-20-000001	3	Mario Lazaro	Chief Information Officer, Director	2020-01-21
0001783580-20-000001	2	Guillaume Torche	Chief Technology Officer, Director	2020-01-21
0001783580-20-000001	1	Alex Wang	Chief Executive Officer, Director	2020-01-21
0001665160-20-000046	1	Dele Atanda	CEO, Principal Executive Officer and Director, Principal Financial Officer and Principal Accounting Officer	2020-01-21
0001670254-20-000039	1	Geiszel Godoy	CFO	2020-01-17
0001670254-20-000039	2	Manuel Godoy	CEO	2020-01-15
0001670254-20-000041	1	Arash Dabestani	Officer	2019-12-18
0001670254-20-000041	2	Amir Alemzadeh	M.D.	2019-12-18
0001670254-20-000041	3	Abbas Bayat	Founder, CEO	2019-12-18
0001670254-20-000046	1	Jennifer Cummins	Founder & CMO	2020-01-17
0001670254-20-000046	2	Christopher Cummins	Founder & CEO	2020-01-17
0001670254-20-000046	3	Christopher Jane	Founder & CEO	2020-01-17
0001670254-20-000046	4	Christopher Jane	Founder & CEO	2020-01-17
0001670254-20-000048	1	Robert Jordan Hall	Executive Chairman	2020-01-17
0001670254-20-000048	2	Shawn Ramer	Senior Vice President	2020-01-16
0001670254-20-000048	3	Hakan Lindskog	COO	2020-01-16
0001670254-20-000048	4	Mark How	CRO	2020-01-16
0001670254-20-000048	5	James Schmachtenberger	CEO	2020-01-16
0001670254-20-000036	1	Alex Pierson	Managing Member	2020-01-16
0001670254-20-000026	2	Alexander Finden	Co-Founder, COO	2020-01-15
0001670254-20-000026	1	Robert S. Whitehair	CEO	2020-01-15
0001670254-20-000021	3	Jesse Nunez	Founder / Executive Producer, Marine Corps Veteran	2020-01-14
0001670254-20-000021	2	Eric Tseng	COO / Treasurer	2020-01-14
0001670254-20-000021	1	Emmanuel Lopez	Secretary	2020-01-14
0001796828-20-000002	1	Chris Senegal	President/CEO	2020-01-17
0001670254-20-000019	1	Eshed Doni	CEO and Founder	2020-01-14
0001784247-20-000002	1	John Whatley	President/CEO	2020-01-17
0001670254-20-000016	1	Dink Davis	Founder/Partner	2020-01-17
0001670254-20-000016	3	Rock Robinson	CEO	2020-01-17
0001670254-20-000016	2	Kevin M Shea	Founder / Chairman	2020-01-17
0001670254-20-000014	1	Shaan Jivan Coelho	COO	2020-01-16
0001670254-20-000014	2	Luke Kingma	CFO	2020-01-16
0001670254-20-000014	3	Daryn Hillhouse	Co-Founder & CEO	2020-01-16
0001669191-20-000017	7	Kelli  Jones	Board Member	2020-01-17
0001669191-20-000017	6	NaShara  Mitchell	Board Member	2020-01-17
0001669191-20-000017	5	LaToya Johnson	Board Member	2020-01-17
0001669191-20-000017	4	Lisa  Scott	Board Member	2020-01-17
0001669191-20-000017	3	LaToya Johnson	Principal Accounting Officer	2020-01-17
0001669191-20-000017	2	LaToya Johnson	Principal Financial Officer	2020-01-17
0001669191-20-000017	1	LaToya Johnson	Principal Executive Officer	2020-01-17
0001746059-20-000016	1	Jacqueline Field	Owner and Founder	2020-01-17
0001665160-20-000045	1	Joshua Resnick	CEO, Principal Executive Officer and Director, Principal Financial Officer and Principal Accounting Officer	2020-01-17
0001665160-20-000044	1	Eric Ralls	CEO, Principal Executive Officer and Director, Principal Financial Officer and Principal Accounting Officer	2020-01-17
0001668287-20-000002	1	Yannis Moati	CEO	2020-01-17
0001668287-20-000001	1	Paul Lobel	CEO	2020-01-17
0001665160-20-000043	1	Mark Hanchett	CEO, Principal Executive Officer and Director, Principal Financial Officer and Principal Accounting Officer	2020-01-17
0001669191-20-000014	7	Kelli  Jones	Board Member	2020-01-17
0001669191-20-000014	6	NaShara  Mitchell	Board Member	2020-01-17
0001669191-20-000014	5	LaToya Johnson	Board Member	2020-01-17
0001669191-20-000014	4	Lisa  Scott	Board Member	2020-01-17
0001669191-20-000014	3	LaToya Johnson	Principal Accounting Officer	2020-01-17
0001669191-20-000014	2	LaToya Johnson	Principal Financial Officer	2020-01-17
0001669191-20-000014	1	LaToya Johnson	Principal Executive Officer	2020-01-17
0001798823-20-000001	1	Enrique Pallares	Co-Owner	2020-01-17
0001793868-20-000001	1	Nicholas Weiss	Co-Owner	2020-01-17
0001792930-20-000001	2	Lindsay Van Leer	COO, issuer, principal executive officer, principal financial officer, controller, and principal accounting officer	2020-01-16
0001792930-20-000001	1	Blake Van Leer	CEO, issuer, principal executive officer, principal financial officer, controller, and principal accounting officer	2020-01-16
0001800155-20-000001	1	Valarie Ross	Co-Owner	2020-01-16
0001581437-20-000001	1	H. Jacob Hanchar	Chief Executive Officer, Managing Member	2020-01-16
0001788657-20-000001	1	Eric Darst	CEO	2020-01-16
0001791747-20-000001	1	/s/ Obi Onyejekwe	CEO	2020-01-16
0001746059-20-000015	1	Javier Solis	Owner and CoFounder	2020-01-16
0001746059-20-000014	1	Louisa Green	Owner and Founder	2020-01-16
0001746059-20-000012	1	Tayo Bailey-Duvall	Owner and Founder	2020-01-16
0001746059-20-000010	1	Robert Raulston	Owner and Founder	2020-01-16
0001746059-20-000009	1	Daniel Yarzagaray	Owner and CoFounder	2020-01-16
0001798376-20-000001	1	Gregory Reaves	Co-manager of manager, Sharswood 1 SPNSRS,LLC	2020-01-15
0001746059-20-000008	1	Alexis Jones	Founder & CEO	2020-01-15
0001792640-20-000001	1	Jonathan Macri by Sean Fuellhart POA	CEO	2020-01-15
0001746059-20-000007	1	Albert Harlow	Owner and Founder	2020-01-15
0001706937-20-000009	2	Rebekah Monson	COO, Treasurer, Director	2020-01-15
0001706937-20-000009	1	Christopher Sopher	CEO, President, Director	2020-01-15
0001706937-20-000009	3	Bruce Pinchbeck	Chief Creative Officer, Secretary, Director	2020-01-15
0001665160-20-000041	3	Gabriele Colombo	Secretary	2020-01-15
0001665160-20-000041	2	Angelo D'Anzi	CTO	2020-01-15
0001665160-20-000041	1	Carlo Brovero	CEO, President, Chief Executive Officer, Treasurer, Principal Financial Officer and Principal Accounting Officer	2020-01-15
0001665160-20-000040	1	Carlo Brovero	CEO, President, Chief Executive Officer, Treasurer, Principal Financial Officer and Principal Accounting Officer	2020-01-15
0001665160-20-000040	3	Gabriele Colombo	Secretary	2020-01-15
0001665160-20-000040	2	Angelo D'Anzi	CTO	2020-01-15
0001665160-20-000038	1	Andrew Ochoa	CEO, Principal Executive Officer and Director, Principal Financial Officer and Principal Accounting Officer	2020-01-15
0001706937-20-000008	3	Bruce Pinchbeck	Chief Creative Officer, Secretary, Director	2020-01-14
0001706937-20-000008	2	Rebekah Monson	COO, Treasurer, Director	2020-01-14
0001706937-20-000008	1	Christopher Sopher	CEO, President, Director	2020-01-14
0001706937-20-000006	1	Brittany Boeckle	Co-President, Secretary, Director	2020-01-14
0001706937-20-000006	2	Ryan Queen	Co-President, Treasurer, Director	2020-01-14
0001797650-20-000001	1	Arjun Rai	President, Director	2020-01-14
0001706937-20-000005	1	Christopher Sopher	CEO, President, Director	2020-01-14
0001746059-20-000006	1	Monica Wright	Owner and Founder	2020-01-14
0001787023-20-000001	1	Stephanie Bryan	CEO	2020-01-14
0001746059-20-000005	1	Michael Arrington	Owner and Founder	2020-01-14
0001793344-20-000008	2	Scot Crow	Manager	2020-01-14
0001793344-20-000008	1	Amy Dannemiller	Manager	2020-01-14
0001793344-20-000007	1	Miray Tayfun	CEO, Director	2020-01-14
0001793344-20-000007	2	Gozde Buyukacaroglu	Director	2020-01-14
0001669191-20-000012	7	Thomas Humphries	Board Member	2020-01-14
0001669191-20-000012	2	James Harris	Principal Financial Officer	2020-01-14
0001669191-20-000012	1	Nikolaos Tezapsidis	Principal Executive Officer	2020-01-14
0001669191-20-000012	6	Bob Oliver	Board Member	2020-01-14
0001669191-20-000012	5	James Harris	Board Member	2020-01-14
0001669191-20-000012	4	Nikolaos Tezapsidis	Board Member	2020-01-14
0001669191-20-000012	3	James Harris	Principal Accounting Officer	2020-01-14
0001669191-20-000012	8	George Perry	Board Member	2020-01-14
0001669191-20-000010	4	John Clark	Board Member	2020-01-14
0001669191-20-000010	2	John Clark	Principal Financial Officer	2020-01-14
0001669191-20-000010	3	John Clark	Principal Accounting Officer	2020-01-14
0001669191-20-000010	1	John Clark	Principal Executive Officer	2020-01-14
0001669191-20-000008	3	Benjamin White	Principal Accounting Officer	2020-01-14
0001669191-20-000008	4	Benjamin White	Board Member	2020-01-14
0001669191-20-000008	2	Benjamin White	Principal Financial Officer	2020-01-14
0001669191-20-000008	1	Benjamin White	Principal Executive Officer	2020-01-14
0001775091-20-000001	1	Willard L. Jackson Jr., by Sean Fuellhart POA	CEO	2020-01-13
0001665160-20-000035	1	Diana Sabacinski	CEO, Principal Executive Officer and Director, Principal Financial Officer and Principal Accounting Officer	2020-01-13
0001665160-20-000034	1	Matt Eau Claire	CEO, Principal Executive Officer and Director, Principal Financial Officer and Principal Accounting Officer	2020-01-13
0001790166-20-000001	1	Janine Yorio	Chief Executive Officer, Manager	2020-01-13
0001765975-20-000002	1	David Brendan Murphy	Manager	2020-01-13
0001765975-20-000002	2	Amos Lonnie Schiller	Manager	2020-01-13
0001765975-20-000001	1	David Brendan Murphy	Manager	2020-01-13
0001765975-20-000001	2	Amos Lonnie Schiller	Manager	2020-01-13
0001732447-20-000001	1	Michael Hoffman	Secretary	2020-01-12
0001715013-20-000001	1	Shaun Masavage	CEO	2020-01-13
0001716822-20-000004	1	/s/ Richard Bronson	CEO, Director	2020-01-10
0001665160-20-000033	2	Lyden Henderson	Chief Operating Officer, Cofounder, and Treasurer of the Board	2020-01-10
0001665160-20-000033	3	Greg Haap	General Manager, Cofounder, and Secretary of the Board	2020-01-10
0001665160-20-000033	1	Marty Reed	CEO, Founder, Principal Executive Officer and Director, Principal Financial Officer and Principal Accounting Officer	2020-01-10
0001665160-20-000031	1	Emmanuel Umoh	CEO, Principal Executive Officer and Director,Principal Financial Officer and Principal Accounting Officer	2020-01-10
0001665160-20-000030	1	Patrick Sherwin	CEO, Principal Executive Officer and Director, Principal Financial Officer and Principal Accounting Officer	2020-01-10
0001665160-20-000029	1	David Obasiolu	CEO, Principal Executive Officer and Director, Principal Financial Officer and Principal Accounting Officer	2020-01-10
0001670254-20-000006	1	Margo Jordan-Baines	Founder	2019-12-19
0001669191-20-000006	5	John McMillian	Board Member	2020-01-09
0001669191-20-000006	6	Carrie Fair	Board Member	2020-01-09
0001799343-20-000001	1	Joshua Ingraham	Owner/Chef	2020-01-09
0001665160-20-000028	1	Bryan Pate	CEO, Principal Executive Officer and Director, Principal Financial Officer and Principal Accounting Officer	2020-01-09
0001669191-20-000006	3	Carrie Fair	Principal Accounting Officer	2020-01-09
0001670254-20-000004	1	Tom Mccabe	Managing Partner / CFO / Executive Producer	2020-01-08
0001670254-20-000004	2	Gary Brackett	CEO	2020-01-08
0001669191-20-000006	2	Normand Rheault	Principal Financial Officer	2020-01-09
0001669191-20-000006	1	John McMillian	Principal Executive Officer	2020-01-09
0001669191-20-000006	4	Normand Rheault	Board Member	2020-01-09
0001797667-20-000003	1	Richard Allen	Co-Owner	2020-01-09
0001752109-20-000002	1	Ena Jones	President/CEO	2020-01-09
0001665160-20-000025	2	Charisse Pasche	President, Secretary and Director	2020-01-09
0001665160-20-000025	1	Victoria Pasche	CEO, Principal Executive Officer and Director, Principal Financial Officer and Principal Accounting Officer	2020-01-09
0001791548-20-000001	2	Adriana Grow	Manager and Secretary	2020-01-09
0001791548-20-000001	1	Naomi Victoria Chavez	Manager and Head of Operations	2020-01-09
0001791548-20-000001	3	Alexander Grow	Manager and CEO	2020-01-09
0001716822-20-000003	1	/s/ Richard Bronson	CEO, Director	2020-01-08
0001746059-20-000004	1	Ahfeeyah Thomas	Owner and Founder	2020-01-08
0001797667-20-000002	1	Richard Allen	Co-Owner	2020-01-08
0001716822-20-000001	1	s/ Richard Bronson	CEO, Director	2020-01-08
0001665160-20-000023	1	Davie Bean	CEO, Principal Executive Officer and Director, Principal Financial Officer and Principal Accounting Officer	2020-01-08
0001783004-20-000001	1	/s/ Rama Poola	Director	2020-01-07
0001665160-20-000020	1	Davie Bean	CEO, Principal Executive Officer and Director, Principal Financial Officer and Principal Accounting Officer	2020-01-07
0001766521-20-000001	3	/s/Larry Deville	Chief Operating Officer	2020-01-07
0001766521-20-000001	2	/s/Philip Shen	Chief Executive Officer of PYS Associates, LLC, its Manager	2020-01-07
0001766521-20-000001	1	/s/Philip Shen	Chief Executive Officer	2020-01-07
0001783004-20-000001	2	/s/ Vivek Poola	Director	2020-01-07
0001746059-20-000003	2	Caitlin Hurd	Owner and CoFounder	2020-01-07
0001746059-20-000003	3	Aaron Perry	Owner and CoFounder	2020-01-07
0001746059-20-000003	1	Kendall Peabody	Owner and CoFounder	2020-01-07
0001791279-20-000003	1	Katherine Schuler	Owner	2020-01-07
0001746059-20-000002	1	Adam Davis	Owner and Founder	2020-01-07
0001791279-20-000002	1	Carmen Swasey	Owner	2020-01-07
0001791279-20-000001	1	Jacqueline Schoedel	Co-Owner	2020-01-07
0001746059-20-000001	1	Nassy Mornaghi	Owner and Founder	2020-01-07
0001665160-20-000018	1	McCoy Moretz	CEO, Principal Executive Officer and Director, Principal Financial Officer and Principal Accounting Officer	2020-01-07
0001665160-20-000016	2	Robert S Marks	Director and Secretary	2020-01-07
0001665160-20-000016	1	Luka Fajs	CEO, Principal Executive Officer and Director, Principal Financial Officer and Principal Accounting Officer	2020-01-07
0001665160-20-000015	2	Aike Muller	CEO, Principal Executive Officer, President and Director	2020-01-07
0001665160-20-000015	1	Friso Schmid	CFO, Principal Financial Officer and Principal Accounting Officer	2020-01-07
0001665160-20-000014	1	Yogesh Sharma	CEO, Principal Executive Officer, Director, Principal Financial Officer and Principal Accounting Officer	2020-01-07
0001666102-20-000003	1	Sukhbat Lkhagvadorj	Founder, CFO	2020-01-07
0001797667-20-000001	1	Richard Allen	Co-Owner	2020-01-07
0001665160-20-000013	1	Andy Pandharikar	CEO, Principal Executive Officer and Director, Principal Financial Officer and Principal Accounting Officer	2020-01-06
0001669191-20-000004	8	George Perry	Board Member	2020-01-06
0001669191-20-000004	7	Thomas Humphries	Board Member	2020-01-06
0001669191-20-000004	6	Bob Oliver	Board Member	2020-01-06
0001669191-20-000004	5	James Harris	Board Member	2020-01-06
0001669191-20-000004	4	Nikolaos Tezapsidis	Board Member	2020-01-06
0001669191-20-000004	3	James Harris	Principal Accounting Officer	2020-01-06
0001669191-20-000002	1	Ray C.  Carter, Jr.	Principal Executive Officer	2020-01-06
0001669191-20-000004	1	Nikolaos Tezapsidis	Principal Executive Officer	2020-01-06
0001669191-20-000004	2	James Harris	Principal Financial Officer	2020-01-06
0001665160-20-000011	1	Peter J. Tezza II	CEO, Principal Executive Officer and Director	2020-01-06
0001665160-20-000011	2	Laura L. Tezza	Director of Operations, Principle Financial Officer and Director and Principal Accounting Officer	2020-01-06
0001665160-20-000010	1	Joseph Daniluk	CEO, Principal Executive Officer and Director, Principal Financial Officer, Secretary, and Principal Accounting Officer	2020-01-06
0001777274-20-000001	1	Jaeson Bang	CEO, Founder	2020-01-03
0001665160-20-000009	1	Kelly Roman	CEO, Principal Executive Officer and Director	2020-01-03
0001665160-20-000009	2	Charles Fisher	Principal Financial Officer, Principal Accounting Officer and Director	2020-01-03
0001665160-20-000008	1	Dan Abbate	CEO, Principal Executive Officer and Director, Principal Financial Officer and Principal Accounting Officer	2020-01-03
0001782749-20-000001	2	/s/Pravina Pindoria	Director, Chief Operating Officer	2020-01-02
0001782749-20-000001	1	/s/Amit Kothari	Director, CEO, President, Secretary	2020-01-02
0001665160-20-000007	3	Nikolay Shkolnik	CTO, Director	2020-01-02
0001665160-20-000007	2	Per Suneby	Director, SVP - Corporate Development.	2020-01-02
0001665160-20-000007	1	Alexander Shkolnik	President and CEO, Principal Executive Officer, Principal Financial Officer,  Principal Accounting Officer, and Director	2020-01-02
0001780452-20-000001	1	Tobias Maldonado	Owner	2020-01-02
0001665160-20-000004	1	Steven R Sedlmayr	CEO, Principal Executive Officer and Director and Principal Financial Officer	2020-01-02
0001665160-20-000004	2	Remy J Sedlmayr	Principal Accounting Officer	2020-01-02
0001659586-20-000001	1	Starling Childs	Chief Executive Officer, Director	2020-01-02
0001784144-20-000002	1	Andrew Christodoulides	Chief Executive Officer	2020-01-02
0001784144-20-000002	2	George Varvatsoulis	Director	2020-01-02
0001793460-20-000002	1	Sean Peace	CEO	2020-01-02
0001784144-20-000001	2	Desi McAdam	CTO/COO/Co-Founder	2020-01-02
0001784144-20-000001	1	Elisabeth P. Oertle	CEO/Co-Founder	2020-01-02
0001793460-20-000001	1	Sean Peace	CEO	2020-01-02
0001665160-20-000001	1	Lynn Rolle	CEO, Principal Executive Officer and Director, Principal Financial Officer and Principal Accounting Officer	2020-01-02
0001666102-20-000002	1	Aaron K Gilbert	President & CEO	2020-01-02
0001666102-20-000001	1	Judson Smedley	Chief Financial Officer	2020-01-02
0001759332-19-000003	2	Matthew P Kerle	CEO	2019-12-31
0001759332-19-000003	3	Patrick Holler	COO	2019-12-31
0001759332-19-000003	1	Colby Schaeffer	CFO	2019-12-31
0001665160-19-001270	1	Morgan Bierschenk	CEO, Principal Executive Officer and Director, Principal Financial Officer and Principal Accounting Officer of Geoship SPC	2019-12-31
